SHIPMENT_ID,SHIPMENT_DATE,SHIPMENT_ADDRESS,SHIPMENT_CITY,SHIPMENT_ZIPCODE,SHIPMENT_COUNTRY,CUSTOMER_ID,PRODUCT_ID
E000001,4/2/2023,369 Eastwood Way,London,CV35,United Kingdom,C00001,P001
E000002,10/9/2022,6866 Northport Park,Birmingham,NE46,United Kingdom,C00002,P002
E000003,5/5/2022,26838 Delladonna Road,Manchester,BS14,United Kingdom,C00003,P003
E000004,6/12/2023,65373 Milwaukee Street,Glasgow,BD23,United Kingdom,C00004,P004
E000005,2/1/2023,35465 Gerald Terrace,Edinburgh,RH5,United Kingdom,C00005,P005
E000006,7/3/2024,0965 Caliangt Circle,Liverpool,S33,United Kingdom,C00006,P006
E000007,16/09/2022,2 Donald Point,Bristol,CT15,United Kingdom,C00007,P007
E000008,31/08/2023,88 Burrows Court,Belfast,DN36,United Kingdom,C00008,P008
E000009,27/02/2022,22764 Monument Terrace,Leeds,WC1B,United Kingdom,C00009,P009
E000010,31/12/2022,7812 Harbort Lane,Newcastle upon Tyne,CV35,United Kingdom,C00010,P010
E000011,9/2/2023,6 Scoville Crossing,Sheffield,BT66,United Kingdom,C00011,P011
E000012,4/8/2022,03 Talmadge Pass,Cardiff,LE15,United Kingdom,C00012,P012
E000013,18/11/2023,0533 Leroy Avenue,Nottingham,NN4,United Kingdom,C00013,P013
E000014,14/01/2023,01 Basil Plaza,Southampton,NG22,United Kingdom,C00014,P014
E000015,31/03/2022,4586 Forest Run Crossing,Oxford,TF6,United Kingdom,C00015,P015
E000016,22/12/2023,20 Hauk Alley,Cambridge,CV35,United Kingdom,C00016,P016
E000017,9/9/2022,0046 Browning Circle,Aberdeen,WC2H,United Kingdom,C00017,P017
E000018,11/1/2024,96 Moulton Circle,York,BD23,United Kingdom,C00018,P018
E000019,4/9/2023,739 Bayside Circle,Brighton,AB55,United Kingdom,C00019,P019
E000020,9/7/2022,78 Di Loreto Avenue,Portsmouth,RH5,United Kingdom,C00020,P020
E000021,14/02/2022,76 Evergreen Center,Leicester,DL10,United Kingdom,C00021,P021
E000022,26/02/2022,8 Hoffman Circle,Coventry,BS14,United Kingdom,C00022,P022
E000023,28/08/2023,5 Clarendon Terrace,Stoke-on-Trent,SN13,United Kingdom,C00023,P023
E000024,3/3/2022,74063 Oak Center,Plymouth,WC2H,United Kingdom,C00024,P024
E000025,7/12/2023,2 Schlimgen Terrace,Wolverhampton,NG34,United Kingdom,C00025,P025
E000026,3/3/2022,91 Luster Plaza,Derby,DN36,United Kingdom,C00026,P026
E000027,4/11/2022,0 Mallard Point,Swansea,SN13,United Kingdom,C00027,P027
E000028,8/2/2023,11 Sullivan Center,Hull,SY4,United Kingdom,C00028,P028
E000029,3/1/2023,85339 Kim Hill,Reading,LN6,United Kingdom,C00029,P029
E000030,19/02/2024,154 Claremont Point,Preston,S33,United Kingdom,C00030,P030
E000031,26/10/2022,438 Donald Circle,Milton Keynes,BS37,United Kingdom,C00031,P031
E000032,23/10/2022,97196 Riverside Circle,Sunderland,L33,United Kingdom,C00032,P032
E000033,3/12/2023,1 West Plaza,Norwich,CV35,United Kingdom,C00033,P033
E000034,10/6/2023,610 Ridgeview Lane,Luton,BS37,United Kingdom,C00034,P034
E000035,17/01/2023,955 Spenser Place,Swindon,DL10,United Kingdom,C00035,P035
E000036,20/05/2023,16272 Prentice Place,Warrington,RG20,United Kingdom,C00036,P036
E000037,5/1/2024,6879 Atwood Center,Dudley,LS6,United Kingdom,C00037,P037
E000038,4/4/2023,079 Carioca Way,Bournemouth,AB56,United Kingdom,C00038,P038
E000039,11/9/2022,5 Graedel Crossing,Peterborough,CV35,United Kingdom,C00039,P039
E000040,31/12/2022,52 Elmside Plaza,Southend-on-Sea,BD23,United Kingdom,C00040,P040
E000041,22/09/2022,4 Tennessee Alley,Walsall,WC2H,United Kingdom,C00041,P041
E000042,7/2/2022,03 Bluejay Point,Colchester,SY4,United Kingdom,C00042,P042
E000043,22/12/2023,03 Fallview Hill,Middlesbrough,CV35,United Kingdom,C00043,P043
E000044,22/07/2022,1043 Northport Terrace,Blackburn,BS41,United Kingdom,C00044,P044
E000045,16/05/2023,7389 Vahlen Avenue,London,WF9,United Kingdom,C00045,P045
E000046,17/10/2023,475 Arizona Trail,Birmingham,CV35,United Kingdom,C00046,P046
E000047,11/5/2023,4 Pennsylvania Avenue,Manchester,CV35,United Kingdom,C00047,P047
E000048,22/05/2023,9 Chive Park,Glasgow,B40,United Kingdom,C00048,P048
E000049,21/05/2022,92273 Porter Street,Edinburgh,OX12,United Kingdom,C00049,P049
E000050,2/9/2023,8 Porter Hill,Liverpool,LN6,United Kingdom,C00050,P050
E000051,10/8/2022,4 Bayside Place,Bristol,NR34,United Kingdom,C00051,P051
E000052,2/2/2022,78438 Mendota Drive,Belfast,N3,United Kingdom,C00052,P052
E000053,13/01/2024,38156 Bartillon Terrace,Leeds,DT10,United Kingdom,C00053,P053
E000054,3/3/2022,45 Cordelia Crossing,Newcastle upon Tyne,M14,United Kingdom,C00054,P054
E000055,3/1/2022,7 Lake View Hill,Sheffield,L33,United Kingdom,C00055,P055
E000056,29/11/2022,3 Monica Circle,Cardiff,M34,United Kingdom,C00056,P056
E000057,6/3/2022,78 Dakota Trail,Nottingham,CH48,United Kingdom,C00057,P057
E000058,29/07/2022,46 Muir Road,Southampton,G4,United Kingdom,C00058,P058
E000059,3/4/2022,90331 Manley Hill,Oxford,LN6,United Kingdom,C00059,P059
E000060,19/07/2022,868 Maple Court,Cambridge,ST20,United Kingdom,C00060,P060
E000061,12/1/2022,146 Manufacturers Point,Aberdeen,NR29,United Kingdom,C00061,P061
E000062,16/09/2022,3 Scoville Alley,York,SN13,United Kingdom,C00062,P062
E000063,11/1/2022,638 Northfield Alley,Brighton,GL54,United Kingdom,C00063,P063
E000064,4/12/2022,1 Calypso Plaza,Portsmouth,GL54,United Kingdom,C00064,P064
E000065,4/4/2022,11631 Oneill Crossing,Leicester,NE46,United Kingdom,C00065,P065
E000066,3/1/2023,6800 Nancy Center,Coventry,DL8,United Kingdom,C00066,P066
E000067,11/1/2024,48 Derek Pass,Stoke-on-Trent,NN11,United Kingdom,C00067,P067
E000068,9/7/2023,56 Butterfield Alley,Plymouth,PH43,United Kingdom,C00068,P068
E000069,3/4/2023,69862 Claremont Circle,Wolverhampton,W1F,United Kingdom,C00069,P069
E000070,20/11/2022,97434 Nevada Center,Derby,SN1,United Kingdom,C00070,P070
E000071,3/10/2023,81 Carpenter Hill,Swansea,EC3M,United Kingdom,C00071,P071
E000072,26/01/2022,64848 Mosinee Circle,Hull,SY4,United Kingdom,C00072,P072
E000073,8/7/2022,34835 Hovde Plaza,Reading,NE46,United Kingdom,C00073,P073
E000074,16/11/2023,54 Roth Trail,Preston,EH9,United Kingdom,C00074,P074
E000075,24/04/2022,15 Walton Lane,Milton Keynes,CB4,United Kingdom,C00075,P075
E000076,18/09/2022,99192 Sloan Trail,Sunderland,SW19,United Kingdom,C00076,P076
E000077,12/9/2023,3 Graceland Center,Norwich,NR29,United Kingdom,C00077,P077
E000078,12/2/2024,5488 Butterfield Road,Luton,S8,United Kingdom,C00078,P078
E000079,26/03/2023,914 High Crossing Alley,Swindon,SN13,United Kingdom,C00079,P079
E000080,17/04/2023,3118 Forest Run Avenue,Warrington,LE14,United Kingdom,C00080,P080
E000081,9/1/2022,2775 Ridgeview Way,Dudley,NN11,United Kingdom,C00081,P081
E000082,8/5/2022,2670 Corry Road,Bournemouth,W1F,United Kingdom,C00082,P082
E000083,4/10/2022,6608 David Avenue,Peterborough,SN13,United Kingdom,C00083,P083
E000084,12/5/2022,61 Sauthoff Drive,Southend-on-Sea,CB4,United Kingdom,C00084,P084
E000085,3/7/2022,064 Barby Way,Walsall,WC1B,United Kingdom,C00085,P085
E000086,1/12/2023,872 Victoria Pass,Colchester,DN36,United Kingdom,C00086,P086
E000087,25/09/2023,0352 Knutson Circle,Middlesbrough,BT66,United Kingdom,C00087,P087
E000088,16/11/2023,6 Doe Crossing Way,Blackburn,LE14,United Kingdom,C00088,P088
E000089,1/9/2023,4 School Point,London,BS37,United Kingdom,C00089,P089
E000090,2/11/2022,1 Dorton Terrace,Birmingham,WC2H,United Kingdom,C00090,P090
E000091,12/1/2024,515 Daystar Junction,Manchester,W1F,United Kingdom,C00091,P091
E000092,4/1/2023,60 Tomscot Junction,Glasgow,L33,United Kingdom,C00092,P092
E000093,31/12/2022,33 Raven Point,Edinburgh,BS37,United Kingdom,C00093,P093
E000094,9/2/2024,339 Morningstar Junction,Liverpool,CB4,United Kingdom,C00094,P094
E000095,1/8/2023,5 Monterey Trail,Bristol,S1,United Kingdom,C00095,P095
E000096,6/8/2022,666 Burrows Junction,Belfast,AB56,United Kingdom,C00096,P096
E000097,17/11/2022,5 Mosinee Plaza,Leeds,PR1,United Kingdom,C00097,P097
E000098,9/2/2024,892 Quincy Hill,Newcastle upon Tyne,BS41,United Kingdom,C00098,P098
E000099,23/05/2022,90 Fairview Junction,Sheffield,LS6,United Kingdom,C00099,P099
E000100,10/2/2022,3 Florence Road,Cardiff,EH52,United Kingdom,C00100,P100
E000101,31/10/2022,82 Bartelt Avenue,Nottingham,SG4,United Kingdom,C00101,P101
E000102,9/7/2023,76 Westend Way,Southampton,PR1,United Kingdom,C00102,P102
E000103,1/6/2022,5775 Ryan Terrace,Oxford,LE16,United Kingdom,C00103,P103
E000104,15/03/2023,5 Hoepker Lane,Cambridge,WC2H,United Kingdom,C00104,P104
E000105,28/06/2022,196 American Alley,Aberdeen,CT16,United Kingdom,C00105,P105
E000106,30/01/2024,92026 Dunning Alley,York,L74,United Kingdom,C00106,P106
E000107,5/7/2023,08575 Birchwood Park,Brighton,B40,United Kingdom,C00107,P107
E000108,8/3/2024,35 Laurel Point,Portsmouth,PR1,United Kingdom,C00108,P108
E000109,1/6/2022,47 Messerschmidt Plaza,Leicester,EC3M,United Kingdom,C00109,P109
E000110,3/3/2024,9174 Randy Way,Coventry,PH43,United Kingdom,C00110,P110
E000111,17/03/2023,07 Drewry Way,Stoke-on-Trent,G4,United Kingdom,C00111,P111
E000112,25/02/2023,37679 Mallory Trail,Plymouth,PH43,United Kingdom,C00112,P112
E000113,30/01/2022,4390 Kinsman Parkway,Wolverhampton,BT2,United Kingdom,C00113,P113
E000114,20/05/2023,36395 Hudson Crossing,Derby,LS9,United Kingdom,C00114,P114
E000115,17/03/2023,045 Myrtle Trail,Swansea,EC3M,United Kingdom,C00115,P115
E000116,28/07/2023,81 Huxley Pass,Hull,DL8,United Kingdom,C00116,P116
E000117,26/01/2023,407 Emmet Terrace,Reading,S8,United Kingdom,C00117,P117
E000118,5/10/2022,37 Toban Crossing,Preston,DT10,United Kingdom,C00118,P118
E000119,16/06/2023,90357 Buhler Center,Milton Keynes,L33,United Kingdom,C00119,P119
E000120,10/6/2022,90 Loftsgordon Point,Sunderland,PR1,United Kingdom,C00120,P120
E000121,12/1/2022,1 Lakewood Junction,Norwich,NN11,United Kingdom,C00121,P121
E000122,1/4/2023,7607 Becker Terrace,Luton,NG22,United Kingdom,C00122,P122
E000123,24/06/2022,8151 Mosinee Road,Swindon,SW1E,United Kingdom,C00123,P123
E000124,15/06/2022,3408 Larry Way,Warrington,LE14,United Kingdom,C00124,P124
E000125,14/01/2022,13 Luster Place,Dudley,NG22,United Kingdom,C00125,P125
E000126,21/05/2023,6934 Oriole Plaza,Bournemouth,W1F,United Kingdom,C00126,P126
E000127,1/11/2022,34 Surrey Place,Peterborough,S33,United Kingdom,C00127,P127
E000128,9/3/2022,97 Huxley Lane,Southend-on-Sea,ST20,United Kingdom,C00128,P128
E000129,29/02/2024,1223 Sage Court,Walsall,B12,United Kingdom,C00129,P129
E000130,12/12/2023,6 Portage Parkway,Colchester,PH43,United Kingdom,C00130,P130
E000131,18/06/2022,2 Roth Lane,Middlesbrough,OX12,United Kingdom,C00131,P131
E000132,27/11/2022,8077 Westport Drive,Blackburn,S8,United Kingdom,C00132,P132
E000133,8/9/2023,49 Ridgeway Street,London,NG34,United Kingdom,C00133,P133
E000134,27/01/2023,2 Hoard Lane,Birmingham,WC1B,United Kingdom,C00134,P134
E000135,25/09/2023,6422 Comanche Junction,Manchester,WC1B,United Kingdom,C00135,P135
E000136,14/09/2022,8 Springs Point,Glasgow,LS9,United Kingdom,C00136,P136
E000137,6/8/2022,11 Hovde Park,Edinburgh,LE15,United Kingdom,C00137,P137
E000138,23/07/2022,55 Crownhardt Way,Liverpool,RH5,United Kingdom,C00138,P138
E000139,25/04/2022,469 Ruskin Road,Bristol,CT15,United Kingdom,C00139,P139
E000140,27/12/2022,2047 American Junction,Belfast,CH48,United Kingdom,C00140,P140
E000141,21/03/2022,438 Prairie Rose Place,Leeds,BD23,United Kingdom,C00141,P141
E000142,4/12/2022,64 New Castle Center,Newcastle upon Tyne,NN11,United Kingdom,C00142,P142
E000143,28/05/2022,6732 Loftsgordon Parkway,Sheffield,RH5,United Kingdom,C00143,P143
E000144,1/7/2022,77055 Delaware Way,Cardiff,BH21,United Kingdom,C00144,P144
E000145,9/9/2023,66 Tony Hill,Nottingham,L33,United Kingdom,C00145,P145
E000146,30/01/2022,93 Straubel Park,Southampton,LS6,United Kingdom,C00146,P146
E000147,20/02/2022,7 Arizona Junction,Oxford,W1F,United Kingdom,C00147,P147
E000148,9/11/2022,91840 Victoria Alley,Cambridge,W1F,United Kingdom,C00148,P148
E000149,10/8/2023,950 Jackson Park,Aberdeen,LE16,United Kingdom,C00149,P149
E000150,1/11/2022,39 Victoria Way,York,LN6,United Kingdom,C00150,P150
E000151,31/05/2023,89 Tomscot Center,Brighton,DN36,United Kingdom,C00151,P001
E000152,16/04/2022,5 Shelley Terrace,Portsmouth,SN1,United Kingdom,C00152,P002
E000153,7/1/2023,04714 Graceland Circle,Leicester,S8,United Kingdom,C00153,P003
E000154,15/07/2022,39632 Straubel Drive,Coventry,RH5,United Kingdom,C00154,P004
E000155,29/03/2024,60631 Burrows Junction,Stoke-on-Trent,KW10,United Kingdom,C00155,P005
E000156,6/8/2023,036 Vahlen Street,Plymouth,AB55,United Kingdom,C00156,P006
E000157,30/07/2022,48799 Montana Center,Wolverhampton,AB39,United Kingdom,C00157,P007
E000158,23/12/2022,01 Hoepker Place,Derby,RG20,United Kingdom,C00158,P008
E000159,8/9/2023,185 Independence Avenue,Swansea,DL10,United Kingdom,C00159,P009
E000160,5/4/2022,99736 High Crossing Crossing,Hull,EH9,United Kingdom,C00160,P010
E000161,9/3/2022,934 Novick Junction,Reading,WF9,United Kingdom,C00161,P011
E000162,22/12/2022,0 La Follette Avenue,Preston,DN36,United Kingdom,C00162,P012
E000163,25/02/2023,23974 Dunning Circle,Milton Keynes,GU32,United Kingdom,C00163,P013
E000164,21/02/2023,1 Graedel Center,Sunderland,SY4,United Kingdom,C00164,P014
E000165,25/06/2023,1 Miller Alley,Norwich,AB39,United Kingdom,C00165,P015
E000166,2/12/2022,4537 Miller Center,Luton,W1F,United Kingdom,C00166,P016
E000167,12/11/2023,82 Grover Park,Swindon,LE15,United Kingdom,C00167,P017
E000168,22/04/2022,19 Kingsford Parkway,Warrington,CB4,United Kingdom,C00168,P018
E000169,17/06/2023,856 Lunder Hill,Dudley,TF6,United Kingdom,C00169,P019
E000170,9/9/2023,106 Sachs Parkway,Bournemouth,S1,United Kingdom,C00170,P020
E000171,29/01/2023,7765 Arrowood Avenue,Peterborough,PR1,United Kingdom,C00171,P021
E000172,25/10/2022,8 Lunder Avenue,Southend-on-Sea,AB56,United Kingdom,C00172,P022
E000173,2/7/2023,4 Rutledge Alley,Walsall,CT16,United Kingdom,C00173,P023
E000174,5/1/2022,398 Butternut Lane,Colchester,SW19,United Kingdom,C00174,P024
E000175,29/11/2023,45 Rowland Trail,Middlesbrough,EC1V,United Kingdom,C00175,P025
E000176,27/12/2022,48586 Texas Plaza,Blackburn,CV35,United Kingdom,C00176,P026
E000177,7/5/2022,49 Summer Ridge Plaza,London,CT15,United Kingdom,C00177,P027
E000178,18/03/2022,38957 Stang Plaza,Birmingham,CV35,United Kingdom,C00178,P028
E000179,15/01/2023,4318 Elka Place,Manchester,DT10,United Kingdom,C00179,P029
E000180,13/01/2024,94 Kinsman Street,Glasgow,CT15,United Kingdom,C00180,P030
E000181,23/03/2022,8 Meadow Valley Street,Edinburgh,B12,United Kingdom,C00181,P031
E000182,24/03/2024,96943 Hermina Hill,Liverpool,L74,United Kingdom,C00182,P032
E000183,24/09/2023,7 Banding Circle,Bristol,BS14,United Kingdom,C00183,P033
E000184,17/02/2023,55 Bobwhite Way,Belfast,KW10,United Kingdom,C00184,P034
E000185,18/10/2023,71407 Rigney Trail,Leeds,NG34,United Kingdom,C00185,P035
E000186,3/5/2022,60940 Everett Hill,Newcastle upon Tyne,EH52,United Kingdom,C00186,P036
E000187,16/11/2022,7 Jay Trail,Sheffield,B40,United Kingdom,C00187,P037
E000188,18/12/2023,74296 Dottie Park,Cardiff,LS6,United Kingdom,C00188,P038
E000189,20/01/2022,32 Gerald Parkway,Nottingham,BD23,United Kingdom,C00189,P039
E000190,16/05/2023,83304 Southridge Lane,Southampton,B12,United Kingdom,C00190,P040
E000191,3/12/2023,54637 Hovde Alley,Oxford,LE14,United Kingdom,C00191,P041
E000192,12/9/2023,04800 Crownhardt Avenue,Cambridge,S8,United Kingdom,C00192,P042
E000193,19/09/2023,31403 Northview Plaza,Aberdeen,OX7,United Kingdom,C00193,P043
E000194,23/03/2024,1135 Schlimgen Junction,York,LE15,United Kingdom,C00194,P044
E000195,19/09/2022,7091 School Place,Brighton,NG34,United Kingdom,C00195,P045
E000196,19/03/2022,99025 Portage Drive,Portsmouth,BT66,United Kingdom,C00196,P046
E000197,19/09/2023,96743 Pankratz Plaza,Leicester,CB4,United Kingdom,C00197,P047
E000198,29/12/2023,6472 Summer Ridge Hill,Coventry,DN36,United Kingdom,C00198,P048
E000199,4/2/2024,1052 Cherokee Terrace,Stoke-on-Trent,L74,United Kingdom,C00199,P049
E000200,17/03/2023,4953 Ramsey Road,Plymouth,GU32,United Kingdom,C00200,P050
E000201,26/09/2022,65144 Ramsey Street,Wolverhampton,S33,United Kingdom,C00201,P051
E000202,20/02/2023,173 Milwaukee Court,Derby,EH52,United Kingdom,C00202,P052
E000203,11/2/2024,5862 Butternut Plaza,Swansea,EC3M,United Kingdom,C00203,P053
E000204,10/5/2022,547 Sheridan Parkway,Hull,RG20,United Kingdom,C00204,P054
E000205,18/03/2022,6 Almo Center,Reading,AB39,United Kingdom,C00205,P055
E000206,17/09/2022,18754 Service Drive,Preston,DL10,United Kingdom,C00206,P056
E000207,6/1/2022,604 South Street,Milton Keynes,LE15,United Kingdom,C00207,P057
E000208,5/4/2022,78449 Pawling Court,Sunderland,RH5,United Kingdom,C00208,P058
E000209,26/10/2022,7061 Bultman Parkway,Norwich,AB39,United Kingdom,C00209,P059
E000210,8/5/2023,2177 Elka Center,Luton,SN13,United Kingdom,C00210,P060
E000211,24/02/2024,8151 Erie Center,Swindon,OX12,United Kingdom,C00211,P061
E000212,13/06/2022,13292 3rd Park,Warrington,KW10,United Kingdom,C00212,P062
E000213,26/05/2022,800 Hudson Drive,Dudley,GU32,United Kingdom,C00213,P063
E000214,11/4/2023,0980 Roxbury Plaza,Bournemouth,BT66,United Kingdom,C00214,P064
E000215,29/07/2022,7976 Thompson Junction,Peterborough,SN1,United Kingdom,C00215,P065
E000216,11/6/2023,008 Kim Pass,Southend-on-Sea,DN21,United Kingdom,C00216,P066
E000217,9/4/2022,92588 Mockingbird Terrace,Walsall,CT16,United Kingdom,C00217,P067
E000218,22/07/2023,12 Quincy Alley,Colchester,BT66,United Kingdom,C00218,P068
E000219,12/6/2022,6 Boyd Avenue,Middlesbrough,WC2H,United Kingdom,C00219,P069
E000220,18/09/2022,1 Weeping Birch Plaza,Blackburn,CT15,United Kingdom,C00220,P070
E000221,26/04/2022,931 Arrowood Alley,London,AB56,United Kingdom,C00221,P071
E000222,24/11/2023,9 Graedel Parkway,Birmingham,LE15,United Kingdom,C00222,P072
E000223,11/10/2022,67072 Florence Hill,Manchester,KW10,United Kingdom,C00223,P073
E000224,9/8/2022,1486 5th Crossing,Glasgow,M34,United Kingdom,C00224,P074
E000225,5/6/2023,82 Dorton Crossing,Edinburgh,BD23,United Kingdom,C00225,P075
E000226,31/03/2022,32247 Sloan Place,Liverpool,B12,United Kingdom,C00226,P076
E000227,17/08/2022,22833 Cottonwood Circle,Bristol,RH5,United Kingdom,C00227,P077
E000228,2/1/2024,81162 Lerdahl Street,Belfast,NE46,United Kingdom,C00228,P078
E000229,1/11/2023,95669 Kingsford Plaza,Leeds,LE15,United Kingdom,C00229,P079
E000230,27/02/2024,3 Elka Alley,Newcastle upon Tyne,SW1E,United Kingdom,C00230,P080
E000231,30/11/2022,7911 Talisman Street,Sheffield,LE15,United Kingdom,C00231,P081
E000232,27/04/2023,7 Steensland Drive,Cardiff,BS37,United Kingdom,C00232,P082
E000233,9/2/2023,78 Knutson Pass,Nottingham,LS9,United Kingdom,C00233,P083
E000234,19/09/2022,5 Parkside Trail,Southampton,BH21,United Kingdom,C00234,P084
E000235,11/2/2024,95 Kedzie Avenue,Oxford,DT10,United Kingdom,C00235,P085
E000236,3/12/2022,49 Paget Avenue,Cambridge,DT10,United Kingdom,C00236,P086
E000237,20/03/2024,14392 Pankratz Street,Aberdeen,SN1,United Kingdom,C00237,P087
E000238,14/06/2022,950 Mcguire Place,York,AB56,United Kingdom,C00238,P088
E000239,12/11/2023,4 Judy Avenue,Brighton,SN1,United Kingdom,C00239,P089
E000240,22/07/2022,481 Holy Cross Lane,Portsmouth,WC2H,United Kingdom,C00240,P090
E000241,3/2/2024,899 Little Fleur Circle,Leicester,BH21,United Kingdom,C00241,P091
E000242,20/03/2024,64 Stoughton Street,Coventry,AB55,United Kingdom,C00242,P092
E000243,18/04/2023,3894 Golf View Avenue,Stoke-on-Trent,TF6,United Kingdom,C00243,P093
E000244,7/2/2022,35389 Rigney Circle,Plymouth,LE14,United Kingdom,C00244,P094
E000245,23/10/2022,4076 Farmco Hill,Wolverhampton,BS14,United Kingdom,C00245,P095
E000246,17/03/2022,831 Valley Edge Lane,Derby,B12,United Kingdom,C00246,P096
E000247,16/01/2022,98 Orin Way,Swansea,EH52,United Kingdom,C00247,P097
E000248,5/1/2024,79 Victoria Hill,Hull,G4,United Kingdom,C00248,P098
E000249,1/12/2023,6 Pankratz Street,Reading,NE46,United Kingdom,C00249,P099
E000250,22/08/2022,1 Northfield Drive,Preston,W1F,United Kingdom,C00250,P100
E000251,11/6/2023,3393 Westport Center,Milton Keynes,W1F,United Kingdom,C00251,P101
E000252,20/03/2023,6 Marquette Place,Sunderland,DL10,United Kingdom,C00252,P102
E000253,6/6/2023,35 Marcy Circle,Norwich,DL10,United Kingdom,C00253,P103
E000254,22/11/2023,513 Everett Lane,Luton,SN13,United Kingdom,C00254,P104
E000255,15/10/2022,882 Coolidge Circle,Swindon,PR1,United Kingdom,C00255,P105
E000256,25/04/2022,18 Waxwing Pass,Warrington,W1F,United Kingdom,C00256,P106
E000257,7/7/2022,18 Banding Pass,Dudley,NG22,United Kingdom,C00257,P107
E000258,23/01/2022,973 Mitchell Street,Bournemouth,LE15,United Kingdom,C00258,P108
E000259,10/6/2023,603 8th Alley,Peterborough,EH52,United Kingdom,C00259,P109
E000260,19/10/2023,7 Manufacturers Park,Southend-on-Sea,LS9,United Kingdom,C00260,P110
E000261,16/02/2022,2 Spenser Plaza,Walsall,EH9,United Kingdom,C00261,P111
E000262,3/4/2023,483 La Follette Drive,Colchester,WC2H,United Kingdom,C00262,P112
E000263,28/11/2023,47585 Beilfuss Hill,Middlesbrough,SY4,United Kingdom,C00263,P113
E000264,3/12/2023,09373 Hermina Junction,Blackburn,OX7,United Kingdom,C00264,P114
E000265,11/3/2022,25 Warbler Road,London,GU32,United Kingdom,C00265,P115
E000266,7/9/2023,58 Union Place,Birmingham,L33,United Kingdom,C00266,P116
E000267,29/04/2023,39 Nobel Pass,Manchester,S1,United Kingdom,C00267,P117
E000268,31/12/2023,5167 Kingsford Point,Glasgow,BD23,United Kingdom,C00268,P118
E000269,29/02/2024,64246 Hudson Drive,Edinburgh,GU32,United Kingdom,C00269,P119
E000270,22/07/2022,691 Lighthouse Bay Point,Liverpool,WF9,United Kingdom,C00270,P120
E000271,18/03/2024,5637 Schmedeman Circle,Bristol,GL54,United Kingdom,C00271,P121
E000272,4/1/2023,68118 Forest Run Street,Belfast,PH43,United Kingdom,C00272,P122
E000273,4/1/2024,39528 Farragut Hill,Leeds,EH52,United Kingdom,C00273,P123
E000274,28/11/2022,25 Dennis Parkway,Newcastle upon Tyne,WC1B,United Kingdom,C00274,P124
E000275,23/09/2023,6191 Homewood Way,Sheffield,DN22,United Kingdom,C00275,P125
E000276,17/07/2023,359 Lillian Point,Cardiff,S8,United Kingdom,C00276,P126
E000277,22/11/2022,4507 Surrey Lane,Nottingham,AB56,United Kingdom,C00277,P127
E000278,11/1/2023,2948 Eagan Junction,Southampton,NR29,United Kingdom,C00278,P128
E000279,25/01/2023,09545 Lakeland Street,Oxford,AB55,United Kingdom,C00279,P129
E000280,25/04/2022,225 Bayside Junction,Cambridge,NR34,United Kingdom,C00280,P130
E000281,28/03/2022,290 Katie Street,Aberdeen,EC3M,United Kingdom,C00281,P131
E000282,12/1/2022,90 Glacier Hill Court,York,EC1V,United Kingdom,C00282,P132
E000283,3/2/2024,68 Mariners Cove Hill,Brighton,NG22,United Kingdom,C00283,P133
E000284,4/2/2023,2 Brown Park,Portsmouth,SW1E,United Kingdom,C00284,P134
E000285,19/03/2022,22 Bartelt Parkway,Leicester,BS41,United Kingdom,C00285,P135
E000286,27/12/2023,3217 American Way,Coventry,S33,United Kingdom,C00286,P136
E000287,30/08/2023,980 Clove Crossing,Stoke-on-Trent,NG22,United Kingdom,C00287,P137
E000288,2/11/2023,7 Northview Park,Plymouth,PR1,United Kingdom,C00288,P138
E000289,20/02/2023,20 Delladonna Place,Wolverhampton,G4,United Kingdom,C00289,P139
E000290,21/09/2023,2351 Iowa Park,Derby,WC2H,United Kingdom,C00290,P140
E000291,7/7/2023,0749 Muir Drive,Swansea,AB55,United Kingdom,C00291,P141
E000292,14/05/2023,675 Spohn Junction,Hull,KW10,United Kingdom,C00292,P142
E000293,18/03/2023,7920 Holy Cross Road,Reading,GU32,United Kingdom,C00293,P143
E000294,31/10/2022,17 Kennedy Terrace,Preston,IV1,United Kingdom,C00294,P144
E000295,23/12/2023,357 Bunker Hill Trail,Milton Keynes,NN11,United Kingdom,C00295,P145
E000296,28/01/2023,84085 Crownhardt Junction,Sunderland,KW10,United Kingdom,C00296,P146
E000297,8/3/2022,3752 Pearson Terrace,Norwich,BD7,United Kingdom,C00297,P147
E000298,19/01/2022,6 Columbus Place,Luton,NR34,United Kingdom,C00298,P148
E000299,1/3/2024,962 Ronald Regan Hill,Swindon,G4,United Kingdom,C00299,P149
E000300,4/12/2022,446 Pawling Junction,Warrington,RH5,United Kingdom,C00300,P150
E000301,14/08/2023,4 Brickson Park Crossing,Dudley,OX12,United Kingdom,C00301,P001
E000302,29/05/2023,73 Elka Center,Bournemouth,W1F,United Kingdom,C00302,P002
E000303,16/12/2023,0180 Delladonna Plaza,Peterborough,AB39,United Kingdom,C00303,P003
E000304,15/01/2024,70185 Ridgeview Crossing,Southend-on-Sea,RG20,United Kingdom,C00304,P004
E000305,2/1/2023,728 Warrior Lane,Walsall,S1,United Kingdom,C00305,P005
E000306,21/11/2023,11231 Corscot Center,Colchester,LS6,United Kingdom,C00306,P006
E000307,23/06/2022,9 Transport Point,Middlesbrough,BS14,United Kingdom,C00307,P007
E000308,11/8/2023,05 West Hill,Blackburn,ST20,United Kingdom,C00308,P008
E000309,12/11/2023,6 Acker Hill,London,PR1,United Kingdom,C00309,P009
E000310,23/10/2023,1758 Orin Hill,Birmingham,NE46,United Kingdom,C00310,P010
E000311,25/11/2023,72595 Orin Park,Manchester,SY4,United Kingdom,C00311,P011
E000312,19/01/2023,17240 Truax Avenue,Glasgow,OX12,United Kingdom,C00312,P012
E000313,8/2/2022,90 Brentwood Center,Edinburgh,B12,United Kingdom,C00313,P013
E000314,17/05/2022,16678 Northfield Center,Liverpool,BS41,United Kingdom,C00314,P014
E000315,26/02/2024,98 Luster Road,Bristol,B12,United Kingdom,C00315,P015
E000316,12/11/2022,77 Center Drive,Belfast,RH5,United Kingdom,C00316,P016
E000317,26/02/2023,4 Fair Oaks Street,Leeds,WC1B,United Kingdom,C00317,P017
E000318,24/06/2022,83816 Dottie Parkway,Newcastle upon Tyne,ST20,United Kingdom,C00318,P018
E000319,20/05/2022,7041 Fremont Street,Sheffield,BH21,United Kingdom,C00319,P019
E000320,4/3/2023,26 Monica Place,Cardiff,G4,United Kingdom,C00320,P020
E000321,13/05/2022,42179 Goodland Crossing,Nottingham,BT2,United Kingdom,C00321,P021
E000322,10/3/2024,8068 Crescent Oaks Place,Southampton,B40,United Kingdom,C00322,P022
E000323,16/05/2022,8878 American Avenue,Oxford,LE15,United Kingdom,C00323,P023
E000324,23/10/2023,563 Bay Pass,Cambridge,BD23,United Kingdom,C00324,P024
E000325,23/02/2023,136 Victoria Drive,Aberdeen,NG22,United Kingdom,C00325,P025
E000326,16/01/2022,3539 Sloan Park,York,BD23,United Kingdom,C00326,P026
E000327,31/08/2022,59 Maple Pass,Brighton,LS6,United Kingdom,C00327,P027
E000328,27/08/2022,83771 Merrick Pass,Portsmouth,OX7,United Kingdom,C00328,P028
E000329,7/4/2023,98934 Village Place,Leicester,IV1,United Kingdom,C00329,P029
E000330,16/09/2023,31671 International Way,Coventry,NN4,United Kingdom,C00330,P030
E000331,1/9/2022,44914 Hovde Alley,Stoke-on-Trent,G4,United Kingdom,C00331,P031
E000332,23/07/2023,41785 Burrows Terrace,Plymouth,BS37,United Kingdom,C00332,P032
E000333,25/03/2023,0121 Alpine Place,Wolverhampton,NN4,United Kingdom,C00333,P033
E000334,26/07/2022,8579 Jana Drive,Derby,BS37,United Kingdom,C00334,P034
E000335,24/02/2023,5717 Acker Court,Swansea,NR29,United Kingdom,C00335,P035
E000336,2/5/2023,397 Bobwhite Crossing,Hull,M14,United Kingdom,C00336,P036
E000337,12/10/2023,6002 Forster Point,Reading,NN4,United Kingdom,C00337,P037
E000338,21/10/2022,5852 Buell Junction,Preston,S33,United Kingdom,C00338,P038
E000339,24/12/2022,2 Bluejay Way,Milton Keynes,S1,United Kingdom,C00339,P039
E000340,18/11/2022,0 Gerald Point,Sunderland,LS6,United Kingdom,C00340,P040
E000341,30/03/2022,4 Oxford Street,Norwich,LN6,United Kingdom,C00341,P041
E000342,9/8/2023,53351 Messerschmidt Plaza,Luton,NE46,United Kingdom,C00342,P042
E000343,26/01/2023,1 Meadow Valley Place,Swindon,LE15,United Kingdom,C00343,P043
E000344,9/1/2024,503 Brentwood Circle,Warrington,CB4,United Kingdom,C00344,P044
E000345,17/03/2022,33 Shopko Drive,Dudley,BT2,United Kingdom,C00345,P045
E000346,12/3/2023,1 Delladonna Avenue,Bournemouth,LN6,United Kingdom,C00346,P046
E000347,17/02/2022,6437 Westridge Park,Peterborough,CB4,United Kingdom,C00347,P047
E000348,4/3/2023,860 Steensland Alley,Southend-on-Sea,BS41,United Kingdom,C00348,P048
E000349,15/03/2022,0393 Grasskamp Parkway,Walsall,WC1B,United Kingdom,C00349,P049
E000350,26/10/2022,4 North Circle,Colchester,PH43,United Kingdom,C00350,P050
E000351,5/3/2022,60290 Cody Way,Middlesbrough,BH21,United Kingdom,C00351,P051
E000352,4/3/2022,90394 Hansons Park,Blackburn,PH43,United Kingdom,C00352,P052
E000353,11/9/2022,7 Veith Alley,London,OX7,United Kingdom,C00353,P053
E000354,18/05/2022,0 Hoard Park,Birmingham,B12,United Kingdom,C00354,P054
E000355,17/11/2022,8 Northview Junction,Manchester,BS37,United Kingdom,C00355,P055
E000356,12/2/2023,0787 Corben Park,Glasgow,CT15,United Kingdom,C00356,P056
E000357,25/03/2022,163 Moose Junction,Edinburgh,EC1V,United Kingdom,C00357,P057
E000358,17/12/2022,6 Debs Center,Liverpool,CT16,United Kingdom,C00358,P058
E000359,11/3/2022,728 Eastlawn Center,Bristol,DN22,United Kingdom,C00359,P059
E000360,24/03/2024,765 Prentice Lane,Belfast,NN4,United Kingdom,C00360,P060
E000361,2/3/2022,85 Shopko Plaza,Leeds,BD23,United Kingdom,C00361,P061
E000362,11/7/2023,16 Columbus Street,Newcastle upon Tyne,BS37,United Kingdom,C00362,P062
E000363,20/08/2023,924 Pond Place,Sheffield,SW1E,United Kingdom,C00363,P063
E000364,23/06/2022,17954 Steensland Crossing,Cardiff,G4,United Kingdom,C00364,P064
E000365,1/1/2023,14720 Cordelia Terrace,Nottingham,ST20,United Kingdom,C00365,P065
E000366,29/12/2022,786 Weeping Birch Trail,Southampton,LE15,United Kingdom,C00366,P066
E000367,29/12/2022,9501 Fallview Avenue,Oxford,NN4,United Kingdom,C00367,P067
E000368,27/08/2022,2167 Maryland Road,Cambridge,SW19,United Kingdom,C00368,P068
E000369,11/9/2022,5 Goodland Alley,Aberdeen,BS37,United Kingdom,C00369,P069
E000370,24/12/2023,0996 Reindahl Drive,York,OX7,United Kingdom,C00370,P070
E000371,24/01/2023,9198 Mifflin Terrace,Brighton,BD7,United Kingdom,C00371,P071
E000372,19/10/2022,1451 Monica Plaza,Portsmouth,EH52,United Kingdom,C00372,P072
E000373,14/07/2023,156 1st Road,Leicester,SG4,United Kingdom,C00373,P073
E000374,2/5/2023,157 Fieldstone Hill,Coventry,LS9,United Kingdom,C00374,P074
E000375,30/05/2022,9088 Coolidge Terrace,Stoke-on-Trent,BD23,United Kingdom,C00375,P075
E000376,16/11/2022,60954 Declaration Hill,Plymouth,LE15,United Kingdom,C00376,P076
E000377,4/6/2023,35 Orin Plaza,Wolverhampton,NG22,United Kingdom,C00377,P077
E000378,19/06/2023,32 Helena Place,Derby,EH9,United Kingdom,C00378,P078
E000379,2/1/2022,2662 Raven Street,Swansea,BS14,United Kingdom,C00379,P079
E000380,6/6/2022,5 Brickson Park Terrace,Hull,NN4,United Kingdom,C00380,P080
E000381,4/10/2022,749 Bowman Junction,Reading,RG20,United Kingdom,C00381,P081
E000382,23/04/2022,33562 Bunker Hill Street,Preston,G4,United Kingdom,C00382,P082
E000383,5/4/2022,20 Spaight Place,Milton Keynes,BD23,United Kingdom,C00383,P083
E000384,3/11/2022,6418 Carey Street,Sunderland,B12,United Kingdom,C00384,P084
E000385,13/06/2022,437 Brown Park,Norwich,M14,United Kingdom,C00385,P085
E000386,28/10/2022,0 Dryden Hill,Luton,SW1E,United Kingdom,C00386,P086
E000387,20/11/2023,8 Dennis Way,Swindon,OX7,United Kingdom,C00387,P087
E000388,22/06/2022,07728 7th Circle,Warrington,SY4,United Kingdom,C00388,P088
E000389,15/05/2023,040 Cardinal Place,Dudley,CV35,United Kingdom,C00389,P089
E000390,8/4/2022,6 Spenser Point,Bournemouth,LE14,United Kingdom,C00390,P090
E000391,30/11/2023,700 Prairie Rose Park,Peterborough,OX12,United Kingdom,C00391,P091
E000392,12/3/2022,59 Forster Alley,Southend-on-Sea,LE14,United Kingdom,C00392,P092
E000393,11/1/2024,3994 Continental Plaza,Walsall,TF6,United Kingdom,C00393,P093
E000394,20/03/2023,40784 Valley Edge Plaza,Colchester,CT16,United Kingdom,C00394,P094
E000395,18/08/2022,91669 Nobel Junction,Middlesbrough,BS14,United Kingdom,C00395,P095
E000396,23/01/2023,79465 Utah Crossing,Blackburn,BD23,United Kingdom,C00396,P096
E000397,22/07/2023,5966 Bonner Hill,London,CT16,United Kingdom,C00397,P097
E000398,20/04/2023,90324 Heffernan Street,Birmingham,PH43,United Kingdom,C00398,P098
E000399,7/5/2023,559 New Castle Terrace,Manchester,BD23,United Kingdom,C00399,P099
E000400,20/03/2024,5 Upham Drive,Glasgow,DN21,United Kingdom,C00400,P100
E000401,1/4/2022,796 Debs Avenue,Edinburgh,PR1,United Kingdom,C00401,P101
E000402,16/05/2022,8567 Carberry Parkway,Liverpool,SY4,United Kingdom,C00402,P102
E000403,19/10/2022,38042 Manufacturers Trail,Bristol,GU32,United Kingdom,C00403,P103
E000404,10/6/2023,0611 Eastwood Point,Belfast,SW1E,United Kingdom,C00404,P104
E000405,29/02/2024,780 Milwaukee Court,Leeds,SG4,United Kingdom,C00405,P105
E000406,16/09/2023,43339 Michigan Plaza,Newcastle upon Tyne,AB55,United Kingdom,C00406,P106
E000407,22/07/2022,80348 Brickson Park Park,Sheffield,PH43,United Kingdom,C00407,P107
E000408,4/10/2022,90905 Petterle Parkway,Cardiff,RG20,United Kingdom,C00408,P108
E000409,1/5/2023,410 Amoth Avenue,Nottingham,BD23,United Kingdom,C00409,P109
E000410,18/01/2022,6 Arapahoe Center,Southampton,LE15,United Kingdom,C00410,P110
E000411,26/08/2022,4 Clove Circle,Oxford,DN22,United Kingdom,C00411,P111
E000412,7/8/2023,6802 Bowman Terrace,Cambridge,L33,United Kingdom,C00412,P112
E000413,31/03/2022,8 Drewry Center,Aberdeen,CV35,United Kingdom,C00413,P113
E000414,7/12/2022,6363 Green Ridge Junction,York,CV35,United Kingdom,C00414,P114
E000415,29/03/2022,84000 Charing Cross Drive,Brighton,DT10,United Kingdom,C00415,P115
E000416,26/07/2023,905 Mifflin Lane,Portsmouth,GL54,United Kingdom,C00416,P116
E000417,16/11/2022,184 Mosinee Parkway,Leicester,EH9,United Kingdom,C00417,P117
E000418,12/11/2022,22406 Grasskamp Road,Coventry,BT2,United Kingdom,C00418,P118
E000419,3/2/2024,2 Oak Valley Pass,Stoke-on-Trent,BD23,United Kingdom,C00419,P119
E000420,4/1/2022,267 Leroy Circle,Plymouth,BS14,United Kingdom,C00420,P120
E000421,7/10/2022,8109 Arizona Terrace,Wolverhampton,DT10,United Kingdom,C00421,P121
E000422,28/05/2022,99940 Schmedeman Terrace,Derby,BD7,United Kingdom,C00422,P122
E000423,4/5/2023,5435 Green Ridge Court,Swansea,LE15,United Kingdom,C00423,P123
E000424,30/05/2023,44232 Lakewood Alley,Hull,DL8,United Kingdom,C00424,P124
E000425,10/10/2023,0 Sunnyside Pass,Reading,EC1V,United Kingdom,C00425,P125
E000426,28/03/2024,514 Pleasure Parkway,Preston,LE15,United Kingdom,C00426,P126
E000427,9/3/2024,3303 John Wall Center,Milton Keynes,CT15,United Kingdom,C00427,P127
E000428,25/10/2022,7657 Dennis Park,Sunderland,DN21,United Kingdom,C00428,P128
E000429,13/01/2023,08 North Park,Norwich,DL10,United Kingdom,C00429,P129
E000430,24/05/2022,313 Meadow Ridge Avenue,Luton,OX12,United Kingdom,C00430,P130
E000431,18/09/2022,33129 Mcbride Circle,Swindon,DL10,United Kingdom,C00431,P131
E000432,14/10/2022,9 Golf View Drive,Warrington,AB55,United Kingdom,C00432,P132
E000433,6/9/2022,12014 Sundown Drive,Dudley,NR29,United Kingdom,C00433,P133
E000434,17/12/2022,09583 Prairieview Place,Bournemouth,RH5,United Kingdom,C00434,P134
E000435,1/10/2023,467 Morning Way,Peterborough,TF6,United Kingdom,C00435,P135
E000436,16/10/2023,20 Oak Drive,Southend-on-Sea,RH5,United Kingdom,C00436,P136
E000437,31/12/2023,508 Butternut Court,Walsall,N3,United Kingdom,C00437,P137
E000438,2/1/2023,8240 Westport Lane,Colchester,EH52,United Kingdom,C00438,P138
E000439,1/10/2022,00 Burning Wood Place,Middlesbrough,L33,United Kingdom,C00439,P139
E000440,6/6/2023,094 Lake View Way,Blackburn,WF9,United Kingdom,C00440,P140
E000441,5/11/2023,7 Lakewood Park,London,CT16,United Kingdom,C00441,P141
E000442,19/09/2022,76442 Crownhardt Point,Birmingham,NE46,United Kingdom,C00442,P142
E000443,30/05/2022,760 Golf View Circle,Manchester,EC3M,United Kingdom,C00443,P143
E000444,29/10/2022,8 Harper Point,Glasgow,NG22,United Kingdom,C00444,P144
E000445,8/6/2023,9 Merry Court,Edinburgh,OX7,United Kingdom,C00445,P145
E000446,30/05/2022,245 Raven Lane,Liverpool,LE14,United Kingdom,C00446,P146
E000447,25/07/2022,3577 Stone Corner Alley,Bristol,NR29,United Kingdom,C00447,P147
E000448,11/3/2023,3394 Leroy Point,Belfast,OX7,United Kingdom,C00448,P148
E000449,30/06/2022,21 Hoffman Circle,Leeds,BD23,United Kingdom,C00449,P149
E000450,1/3/2023,1 Victoria Parkway,Newcastle upon Tyne,SG4,United Kingdom,C00450,P150
E000451,1/4/2022,142 Lighthouse Bay Court,Sheffield,M14,United Kingdom,C00451,P001
E000452,15/10/2022,90 Ludington Hill,Cardiff,LS9,United Kingdom,C00452,P002
E000453,21/08/2022,6 Cordelia Pass,Nottingham,CH48,United Kingdom,C00453,P003
E000454,26/07/2022,2 Tennyson Avenue,Southampton,LE15,United Kingdom,C00454,P004
E000455,16/01/2024,3 Schiller Terrace,Oxford,BT66,United Kingdom,C00455,P005
E000456,23/10/2022,64063 Waywood Lane,Cambridge,SW19,United Kingdom,C00456,P006
E000457,17/07/2023,10928 Alpine Point,Aberdeen,BS41,United Kingdom,C00457,P007
E000458,19/05/2023,934 Kedzie Road,York,GL54,United Kingdom,C00458,P008
E000459,31/01/2024,0 Trailsway Plaza,Brighton,LE14,United Kingdom,C00459,P009
E000460,17/06/2023,94 Sutteridge Pass,Portsmouth,AB39,United Kingdom,C00460,P010
E000461,11/11/2022,2 Melrose Crossing,Leicester,DN36,United Kingdom,C00461,P011
E000462,27/04/2023,9930 Morning Hill,Coventry,BD23,United Kingdom,C00462,P012
E000463,8/2/2022,1 Anderson Crossing,Stoke-on-Trent,N3,United Kingdom,C00463,P013
E000464,11/10/2023,81825 Dahle Place,Plymouth,WC1B,United Kingdom,C00464,P014
E000465,25/03/2024,94071 Granby Parkway,Wolverhampton,SW19,United Kingdom,C00465,P015
E000466,26/11/2023,3 Straubel Pass,Derby,DN36,United Kingdom,C00466,P016
E000467,8/5/2022,200 Schmedeman Pass,Swansea,BH21,United Kingdom,C00467,P017
E000468,4/3/2022,78 Sommers Lane,Hull,B40,United Kingdom,C00468,P018
E000469,29/01/2022,57129 Claremont Junction,Reading,LE15,United Kingdom,C00469,P019
E000470,26/03/2023,51 Pleasure Plaza,Preston,DN36,United Kingdom,C00470,P020
E000471,13/09/2023,409 Mesta Point,Milton Keynes,BT2,United Kingdom,C00471,P021
E000472,7/10/2023,9 Artisan Drive,Sunderland,DT10,United Kingdom,C00472,P022
E000473,26/10/2022,82 Bluestem Plaza,Norwich,CV35,United Kingdom,C00473,P023
E000474,4/8/2023,3246 Johnson Park,Luton,BD23,United Kingdom,C00474,P024
E000475,7/7/2022,35877 Farwell Crossing,Swindon,DN21,United Kingdom,C00475,P025
E000476,27/03/2024,10 Ludington Junction,Warrington,IV1,United Kingdom,C00476,P026
E000477,31/12/2023,2 Sage Hill,Dudley,AB55,United Kingdom,C00477,P027
E000478,28/05/2023,0629 Forest Run Park,Bournemouth,L74,United Kingdom,C00478,P028
E000479,4/7/2023,52341 Kipling Circle,Peterborough,EH9,United Kingdom,C00479,P029
E000480,3/9/2023,5075 Donald Street,Southend-on-Sea,EC1V,United Kingdom,C00480,P030
E000481,21/11/2022,767 Melby Crossing,Walsall,LE14,United Kingdom,C00481,P031
E000482,21/09/2022,66758 Fair Oaks Plaza,Colchester,CH48,United Kingdom,C00482,P032
E000483,15/01/2024,22 Rowland Parkway,Middlesbrough,BS37,United Kingdom,C00483,P033
E000484,3/12/2023,677 Monument Lane,Blackburn,LS6,United Kingdom,C00484,P034
E000485,5/8/2022,18167 American Ash Drive,London,WF9,United Kingdom,C00485,P035
E000486,6/2/2024,26186 Bartillon Parkway,Birmingham,DN22,United Kingdom,C00486,P036
E000487,3/11/2022,7617 Roxbury Court,Manchester,BT66,United Kingdom,C00487,P037
E000488,19/05/2023,06 Bultman Lane,Glasgow,SN13,United Kingdom,C00488,P038
E000489,16/07/2023,12655 Sutteridge Street,Edinburgh,BS41,United Kingdom,C00489,P039
E000490,26/02/2022,356 Ryan Lane,Liverpool,NG34,United Kingdom,C00490,P040
E000491,7/5/2022,14 Montana Park,Bristol,DN36,United Kingdom,C00491,P041
E000492,8/11/2023,294 Gale Circle,Belfast,GU32,United Kingdom,C00492,P042
E000493,22/03/2023,3 Northland Hill,Leeds,M14,United Kingdom,C00493,P043
E000494,26/09/2022,38165 Fuller Alley,Newcastle upon Tyne,LE16,United Kingdom,C00494,P044
E000495,29/03/2024,36 Redwing Lane,Sheffield,AB56,United Kingdom,C00495,P045
E000496,13/10/2022,3111 Birchwood Crossing,Cardiff,BD23,United Kingdom,C00496,P046
E000497,13/08/2023,468 Glacier Hill Avenue,Nottingham,AB56,United Kingdom,C00497,P047
E000498,11/1/2023,0591 Carioca Place,Southampton,CT15,United Kingdom,C00498,P048
E000499,20/02/2023,4658 Namekagon Parkway,Oxford,NR34,United Kingdom,C00499,P049
E000500,15/10/2022,4 Texas Circle,Cambridge,RG20,United Kingdom,C00500,P050
E000501,12/10/2023,137 Grasskamp Drive,Aberdeen,M14,United Kingdom,C00501,P051
E000502,16/10/2023,76 Thierer Junction,York,GU32,United Kingdom,C00502,P052
E000503,15/12/2023,7738 Arrowood Terrace,Brighton,RH5,United Kingdom,C00503,P053
E000504,24/08/2022,99 Jenna Terrace,Portsmouth,LE14,United Kingdom,C00504,P054
E000505,18/12/2023,1 Carpenter Plaza,Leicester,LN6,United Kingdom,C00505,P055
E000506,7/6/2023,8054 Meadow Vale Court,Coventry,WC2H,United Kingdom,C00506,P056
E000507,26/02/2024,877 Sycamore Parkway,Stoke-on-Trent,RH5,United Kingdom,C00507,P057
E000508,27/05/2022,8429 Lyons Drive,Plymouth,PR1,United Kingdom,C00508,P058
E000509,30/07/2022,80411 Mccormick Hill,Wolverhampton,CV35,United Kingdom,C00509,P059
E000510,1/7/2023,8 Pankratz Alley,Derby,BH21,United Kingdom,C00510,P060
E000511,17/07/2023,59464 Westport Circle,Swansea,DL10,United Kingdom,C00511,P061
E000512,30/01/2024,0 Rockefeller Parkway,Hull,DN36,United Kingdom,C00512,P062
E000513,9/7/2023,02 Boyd Avenue,Reading,NN4,United Kingdom,C00513,P063
E000514,17/10/2023,0907 Sunbrook Avenue,Preston,BD7,United Kingdom,C00514,P064
E000515,14/06/2023,61439 Portage Plaza,Milton Keynes,DL8,United Kingdom,C00515,P065
E000516,9/10/2023,857 Nova Drive,Sunderland,M14,United Kingdom,C00516,P066
E000517,8/9/2022,28328 Towne Center,Norwich,RG20,United Kingdom,C00517,P067
E000518,29/12/2023,9 Browning Way,Luton,BD23,United Kingdom,C00518,P068
E000519,25/02/2024,10301 Stoughton Junction,Swindon,PH43,United Kingdom,C00519,P069
E000520,25/12/2023,3 Sage Junction,Warrington,EC3M,United Kingdom,C00520,P070
E000521,25/03/2022,12822 Lillian Circle,Dudley,LE15,United Kingdom,C00521,P071
E000522,16/11/2022,81733 Superior Point,Bournemouth,GU32,United Kingdom,C00522,P072
E000523,14/03/2024,737 Twin Pines Court,Peterborough,EC3M,United Kingdom,C00523,P073
E000524,16/06/2023,293 Clyde Gallagher Drive,Southend-on-Sea,PR1,United Kingdom,C00524,P074
E000525,9/8/2022,67334 Crownhardt Terrace,Walsall,SY4,United Kingdom,C00525,P075
E000526,7/1/2024,79607 Main Circle,Colchester,GL54,United Kingdom,C00526,P076
E000527,1/7/2023,0662 Elmside Junction,Middlesbrough,KW10,United Kingdom,C00527,P077
E000528,24/08/2023,23 Kropf Place,Blackburn,B40,United Kingdom,C00528,P078
E000529,13/04/2022,42 Ridgeway Center,London,L33,United Kingdom,C00529,P079
E000530,9/8/2022,294 Algoma Road,Birmingham,SY4,United Kingdom,C00530,P080
E000531,7/7/2023,80 Express Terrace,Manchester,EC1V,United Kingdom,C00531,P081
E000532,30/10/2023,4562 Browning Plaza,Glasgow,EC3M,United Kingdom,C00532,P082
E000533,1/9/2023,9 Village Parkway,Edinburgh,LE15,United Kingdom,C00533,P083
E000534,28/01/2023,584 Havey Plaza,Liverpool,L33,United Kingdom,C00534,P084
E000535,4/2/2023,5611 Washington Parkway,Bristol,KW10,United Kingdom,C00535,P085
E000536,3/10/2022,17 Valley Edge Plaza,Belfast,S1,United Kingdom,C00536,P086
E000537,22/01/2023,14110 Paget Circle,Leeds,OX12,United Kingdom,C00537,P087
E000538,3/3/2023,463 Drewry Terrace,Newcastle upon Tyne,S8,United Kingdom,C00538,P088
E000539,21/02/2024,4810 Judy Center,Sheffield,B40,United Kingdom,C00539,P089
E000540,6/2/2023,7178 Lillian Alley,Cardiff,NR34,United Kingdom,C00540,P090
E000541,15/05/2023,0 Tony Trail,Nottingham,ST20,United Kingdom,C00541,P091
E000542,27/09/2022,74 Lindbergh Circle,Southampton,AB39,United Kingdom,C00542,P092
E000543,3/1/2023,62357 Stoughton Road,Oxford,G4,United Kingdom,C00543,P093
E000544,13/05/2022,34455 Bowman Street,Cambridge,B12,United Kingdom,C00544,P094
E000545,21/06/2022,1064 Glacier Hill Avenue,Aberdeen,EC1V,United Kingdom,C00545,P095
E000546,6/7/2022,321 Badeau Park,York,BD23,United Kingdom,C00546,P096
E000547,5/1/2024,976 Village Court,Brighton,W1F,United Kingdom,C00547,P097
E000548,1/2/2024,68 Tomscot Trail,Portsmouth,ST20,United Kingdom,C00548,P098
E000549,5/3/2023,6 Burrows Junction,Leicester,DN36,United Kingdom,C00549,P099
E000550,7/2/2023,095 Springs Plaza,Coventry,SY4,United Kingdom,C00550,P100
E000551,24/01/2023,59 Towne Way,Stoke-on-Trent,BD23,United Kingdom,C00551,P101
E000552,22/05/2022,69 Sycamore Avenue,Plymouth,LE15,United Kingdom,C00552,P102
E000553,14/07/2022,91312 Spaight Terrace,Wolverhampton,S33,United Kingdom,C00553,P103
E000554,11/8/2022,129 Hauk Alley,Derby,GU32,United Kingdom,C00554,P104
E000555,19/05/2023,51 Comanche Alley,Swansea,NN11,United Kingdom,C00555,P105
E000556,11/9/2022,9 New Castle Court,Hull,PH43,United Kingdom,C00556,P106
E000557,8/8/2023,7298 American Lane,Reading,L33,United Kingdom,C00557,P107
E000558,3/4/2023,609 Hoard Alley,Preston,GL54,United Kingdom,C00558,P108
E000559,10/11/2022,198 Moland Crossing,Milton Keynes,GU32,United Kingdom,C00559,P109
E000560,15/10/2023,90 Hazelcrest Crossing,Sunderland,CH48,United Kingdom,C00560,P110
E000561,6/3/2024,6 Surrey Street,Norwich,CH48,United Kingdom,C00561,P111
E000562,23/07/2023,63696 Gulseth Drive,Luton,AB39,United Kingdom,C00562,P112
E000563,6/2/2024,9014 Nelson Place,Swindon,BD23,United Kingdom,C00563,P113
E000564,18/01/2022,02557 Dorton Lane,Warrington,GL54,United Kingdom,C00564,P114
E000565,19/07/2023,29279 Hoard Junction,Dudley,NE46,United Kingdom,C00565,P115
E000566,21/09/2022,963 Hollow Ridge Court,Bournemouth,DL8,United Kingdom,C00566,P116
E000567,9/3/2024,3414 Debra Circle,Peterborough,L33,United Kingdom,C00567,P117
E000568,14/04/2022,46 Lakewood Way,Southend-on-Sea,L33,United Kingdom,C00568,P118
E000569,12/6/2022,280 Monterey Point,Walsall,BS14,United Kingdom,C00569,P119
E000570,29/05/2022,0 Barby Park,Colchester,DL10,United Kingdom,C00570,P120
E000571,19/01/2024,5793 Hayes Place,Middlesbrough,GL54,United Kingdom,C00571,P121
E000572,10/10/2022,7527 Vahlen Way,Blackburn,DN21,United Kingdom,C00572,P122
E000573,2/3/2022,78012 Crescent Oaks Circle,London,EC3M,United Kingdom,C00573,P123
E000574,7/8/2022,16 Tennessee Crossing,Birmingham,NR29,United Kingdom,C00574,P124
E000575,5/2/2024,6 Pearson Lane,Manchester,CT16,United Kingdom,C00575,P125
E000576,29/01/2024,84 Fairview Terrace,Glasgow,LS9,United Kingdom,C00576,P126
E000577,9/9/2022,75 Pawling Circle,Edinburgh,BS37,United Kingdom,C00577,P127
E000578,11/4/2023,4 Farragut Street,Liverpool,B40,United Kingdom,C00578,P128
E000579,3/5/2022,2 Milwaukee Circle,Bristol,CV35,United Kingdom,C00579,P129
E000580,16/07/2022,0198 Express Drive,Belfast,BD7,United Kingdom,C00580,P130
E000581,17/04/2022,5 Basil Court,Leeds,NN11,United Kingdom,C00581,P131
E000582,20/06/2022,35 Cascade Street,Newcastle upon Tyne,EC3M,United Kingdom,C00582,P132
E000583,12/3/2022,78 Texas Plaza,Sheffield,NN4,United Kingdom,C00583,P133
E000584,16/11/2022,02 West Park,Cardiff,WC2H,United Kingdom,C00584,P134
E000585,18/04/2022,15524 Twin Pines Avenue,Nottingham,BS14,United Kingdom,C00585,P135
E000586,29/11/2023,4 Northridge Junction,Southampton,WC2H,United Kingdom,C00586,P136
E000587,17/05/2022,9007 New Castle Way,Oxford,B40,United Kingdom,C00587,P137
E000588,7/4/2023,3752 Scoville Alley,Cambridge,S33,United Kingdom,C00588,P138
E000589,13/06/2023,8 Bay Place,Aberdeen,WC1B,United Kingdom,C00589,P139
E000590,9/1/2022,28543 Maple Wood Road,York,NN4,United Kingdom,C00590,P140
E000591,10/3/2022,14734 Hallows Way,Brighton,M14,United Kingdom,C00591,P141
E000592,19/07/2022,406 Park Meadow Alley,Portsmouth,BS14,United Kingdom,C00592,P142
E000593,6/9/2022,06 Morningstar Way,Leicester,SY4,United Kingdom,C00593,P143
E000594,13/01/2022,18548 Grayhawk Alley,Coventry,M34,United Kingdom,C00594,P144
E000595,8/4/2023,5 Mariners Cove Terrace,Stoke-on-Trent,BD7,United Kingdom,C00595,P145
E000596,18/09/2022,6635 Hoepker Point,Plymouth,NG34,United Kingdom,C00596,P146
E000597,11/9/2022,04 Dottie Avenue,Wolverhampton,PH43,United Kingdom,C00597,P147
E000598,13/05/2022,42 Maple Wood Junction,Derby,DL10,United Kingdom,C00598,P148
E000599,30/04/2022,69870 Graceland Court,Swansea,RH5,United Kingdom,C00599,P149
E000600,15/11/2022,0 Daystar Place,Hull,DT10,United Kingdom,C00600,P150
E000601,18/03/2023,4 Bobwhite Trail,Reading,EC3M,United Kingdom,C00601,P001
E000602,16/06/2022,1 Lindbergh Parkway,Preston,W1F,United Kingdom,C00602,P002
E000603,1/8/2023,0 Nelson Center,Milton Keynes,DT10,United Kingdom,C00603,P003
E000604,22/04/2022,3394 Farmco Lane,Sunderland,BT2,United Kingdom,C00604,P004
E000605,6/10/2022,890 Lien Way,Norwich,EC1V,United Kingdom,C00605,P005
E000606,10/8/2023,4413 Fieldstone Drive,Luton,BD7,United Kingdom,C00606,P006
E000607,30/06/2022,7673 Hoard Way,Swindon,WC1B,United Kingdom,C00607,P007
E000608,2/1/2022,2 Center Lane,Warrington,W1F,United Kingdom,C00608,P008
E000609,11/2/2022,99 Lakewood Lane,Dudley,NN11,United Kingdom,C00609,P009
E000610,9/1/2023,86 1st Circle,Bournemouth,L74,United Kingdom,C00610,P010
E000611,6/11/2022,3324 Comanche Street,Peterborough,LE15,United Kingdom,C00611,P011
E000612,19/04/2023,6779 Red Cloud Terrace,Southend-on-Sea,PH43,United Kingdom,C00612,P012
E000613,3/8/2022,1 Mitchell Way,Walsall,BT66,United Kingdom,C00613,P013
E000614,4/2/2024,8299 Esch Avenue,Colchester,IV1,United Kingdom,C00614,P014
E000615,4/7/2022,5481 Golf View Terrace,Middlesbrough,CT15,United Kingdom,C00615,P015
E000616,2/4/2022,0433 Rowland Crossing,Blackburn,SW1E,United Kingdom,C00616,P016
E000617,18/02/2024,255 Westerfield Road,London,DN22,United Kingdom,C00617,P017
E000618,10/3/2022,048 Shasta Point,Birmingham,CT16,United Kingdom,C00618,P018
E000619,3/6/2023,4816 Thierer Hill,Manchester,BH21,United Kingdom,C00619,P019
E000620,13/06/2023,393 Larry Way,Glasgow,S1,United Kingdom,C00620,P020
E000621,28/10/2023,448 Melrose Way,Edinburgh,DL10,United Kingdom,C00621,P021
E000622,15/01/2022,4 Dennis Junction,Liverpool,PR1,United Kingdom,C00622,P022
E000623,20/06/2022,6687 Melrose Plaza,Bristol,BD7,United Kingdom,C00623,P023
E000624,31/10/2023,99449 Victoria Street,Belfast,DN21,United Kingdom,C00624,P024
E000625,20/05/2022,242 East Lane,Leeds,EH52,United Kingdom,C00625,P025
E000626,21/08/2023,9227 6th Lane,Newcastle upon Tyne,SY4,United Kingdom,C00626,P026
E000627,13/02/2022,654 Commercial Way,Sheffield,CT15,United Kingdom,C00627,P027
E000628,17/04/2023,81 Monica Road,Cardiff,SG4,United Kingdom,C00628,P028
E000629,29/07/2023,70858 Monument Alley,Nottingham,PR1,United Kingdom,C00629,P029
E000630,22/06/2023,349 8th Parkway,Southampton,EC1V,United Kingdom,C00630,P030
E000631,26/03/2023,5807 Almo Way,Oxford,LS9,United Kingdom,C00631,P031
E000632,22/02/2024,48410 Duke Plaza,Cambridge,S1,United Kingdom,C00632,P032
E000633,29/05/2023,422 Leroy Terrace,Aberdeen,M14,United Kingdom,C00633,P033
E000634,18/11/2023,4448 Canary Road,York,OX7,United Kingdom,C00634,P034
E000635,21/04/2022,868 Commercial Circle,Brighton,CB4,United Kingdom,C00635,P035
E000636,6/6/2022,8929 Ohio Court,Portsmouth,KW10,United Kingdom,C00636,P036
E000637,29/03/2024,52787 Sachs Lane,Leicester,GU32,United Kingdom,C00637,P037
E000638,2/4/2022,3 Messerschmidt Place,Coventry,B12,United Kingdom,C00638,P038
E000639,26/03/2022,41859 John Wall Trail,Stoke-on-Trent,DL8,United Kingdom,C00639,P039
E000640,1/5/2022,92031 Summit Park,Plymouth,N3,United Kingdom,C00640,P040
E000641,22/12/2023,417 Clarendon Street,Wolverhampton,EH9,United Kingdom,C00641,P041
E000642,2/6/2022,32322 Grover Street,Derby,SG4,United Kingdom,C00642,P042
E000643,17/11/2023,38 Algoma Pass,Swansea,CV35,United Kingdom,C00643,P043
E000644,12/9/2022,4952 Southridge Center,Hull,B12,United Kingdom,C00644,P044
E000645,29/07/2023,3840 Roxbury Alley,Reading,NE46,United Kingdom,C00645,P045
E000646,29/10/2022,86396 Ramsey Trail,Preston,LE14,United Kingdom,C00646,P046
E000647,28/01/2024,05 Larry Way,Milton Keynes,M14,United Kingdom,C00647,P047
E000648,29/10/2022,01732 Farragut Point,Sunderland,SY4,United Kingdom,C00648,P048
E000649,18/07/2023,31224 Westend Parkway,Norwich,PR1,United Kingdom,C00649,P049
E000650,31/12/2023,117 Donald Terrace,Luton,BT2,United Kingdom,C00650,P050
E000651,17/07/2022,885 Anderson Park,Swindon,EC1V,United Kingdom,C00651,P051
E000652,4/1/2022,8 Debra Alley,Warrington,BT66,United Kingdom,C00652,P052
E000653,24/06/2022,49296 Pine View Road,Dudley,BH21,United Kingdom,C00653,P053
E000654,24/04/2022,605 La Follette Street,Bournemouth,BS41,United Kingdom,C00654,P054
E000655,22/08/2022,58303 Memorial Alley,Peterborough,RH5,United Kingdom,C00655,P055
E000656,21/04/2022,7137 Stuart Crossing,Southend-on-Sea,BS37,United Kingdom,C00656,P056
E000657,4/6/2022,4 Hoepker Road,Walsall,CT15,United Kingdom,C00657,P057
E000658,11/9/2022,8 Hagan Way,Colchester,NN4,United Kingdom,C00658,P058
E000659,3/4/2023,1 Kim Plaza,Middlesbrough,DN36,United Kingdom,C00659,P059
E000660,19/02/2023,599 Cascade Terrace,Blackburn,AB39,United Kingdom,C00660,P060
E000661,5/7/2022,946 Weeping Birch Crossing,London,AB39,United Kingdom,C00661,P061
E000662,25/05/2023,3 7th Drive,Birmingham,LN6,United Kingdom,C00662,P062
E000663,21/02/2022,17403 Heath Court,Manchester,DT10,United Kingdom,C00663,P063
E000664,9/8/2023,62 Raven Pass,Glasgow,WC2H,United Kingdom,C00664,P064
E000665,24/02/2024,7045 Del Sol Pass,Edinburgh,KW10,United Kingdom,C00665,P065
E000666,14/12/2022,6500 Sauthoff Avenue,Liverpool,RG20,United Kingdom,C00666,P066
E000667,27/06/2023,04 Surrey Alley,Bristol,BS37,United Kingdom,C00667,P067
E000668,21/01/2023,4598 Everett Circle,Belfast,TF6,United Kingdom,C00668,P068
E000669,1/9/2022,9 Derek Terrace,Leeds,S8,United Kingdom,C00669,P069
E000670,11/3/2024,32 Bartelt Point,Newcastle upon Tyne,CT16,United Kingdom,C00670,P070
E000671,27/10/2022,46 Green Ridge Center,Sheffield,DT10,United Kingdom,C00671,P071
E000672,13/12/2023,030 Union Center,Cardiff,LN6,United Kingdom,C00672,P072
E000673,28/09/2023,5 Westerfield Drive,Nottingham,LS9,United Kingdom,C00673,P073
E000674,27/08/2022,2547 Merrick Street,Southampton,OX12,United Kingdom,C00674,P074
E000675,27/09/2023,3 Summerview Pass,Oxford,BD23,United Kingdom,C00675,P075
E000676,22/07/2022,91 Logan Drive,Cambridge,SW1E,United Kingdom,C00676,P076
E000677,13/09/2023,08 Vera Center,Aberdeen,DN22,United Kingdom,C00677,P077
E000678,30/11/2023,4345 Comanche Center,York,EH52,United Kingdom,C00678,P078
E000679,2/3/2023,861 Waywood Pass,Brighton,NG34,United Kingdom,C00679,P079
E000680,2/12/2023,94272 Fisk Court,Portsmouth,NE46,United Kingdom,C00680,P080
E000681,19/08/2023,27 Pine View Place,Leicester,OX7,United Kingdom,C00681,P081
E000682,26/05/2023,768 Schurz Alley,Coventry,B12,United Kingdom,C00682,P082
E000683,15/05/2022,7794 Macpherson Point,Stoke-on-Trent,NG22,United Kingdom,C00683,P083
E000684,20/01/2023,91004 Dunning Street,Plymouth,DN21,United Kingdom,C00684,P084
E000685,12/4/2023,1981 Pond Trail,Wolverhampton,SW1E,United Kingdom,C00685,P085
E000686,26/01/2024,1 Dwight Park,Derby,SN1,United Kingdom,C00686,P086
E000687,14/02/2024,4739 Moland Crossing,Swansea,LS6,United Kingdom,C00687,P087
E000688,25/09/2022,0 Anniversary Road,Hull,CV35,United Kingdom,C00688,P088
E000689,27/12/2023,30783 Nancy Way,Reading,TF6,United Kingdom,C00689,P089
E000690,13/03/2022,11300 Lindbergh Junction,Preston,CT15,United Kingdom,C00690,P090
E000691,2/1/2022,63 Sauthoff Trail,Milton Keynes,SG4,United Kingdom,C00691,P091
E000692,14/06/2023,5 Killdeer Junction,Sunderland,CV35,United Kingdom,C00692,P092
E000693,24/03/2024,93779 Sachtjen Trail,Norwich,LS9,United Kingdom,C00693,P093
E000694,3/3/2022,65494 Merrick Circle,Luton,GL54,United Kingdom,C00694,P094
E000695,5/7/2022,58580 Commercial Parkway,Swindon,NR34,United Kingdom,C00695,P095
E000696,24/07/2022,88 Golf View Street,Warrington,CT16,United Kingdom,C00696,P096
E000697,30/11/2022,22 Mccormick Court,Dudley,BH21,United Kingdom,C00697,P097
E000698,9/1/2023,843 Sutherland Trail,Bournemouth,SY4,United Kingdom,C00698,P098
E000699,23/05/2022,2499 Northland Terrace,Peterborough,L33,United Kingdom,C00699,P099
E000700,4/5/2022,08179 Merrick Lane,Southend-on-Sea,SY4,United Kingdom,C00700,P100
E000701,19/01/2024,80 Mitchell Pass,Walsall,NG22,United Kingdom,C00701,P101
E000702,16/12/2023,9 Farragut Plaza,Colchester,CB4,United Kingdom,C00702,P102
E000703,17/11/2022,363 Columbus Junction,Middlesbrough,BH21,United Kingdom,C00703,P103
E000704,8/12/2022,951 Grim Plaza,Blackburn,NN4,United Kingdom,C00704,P104
E000705,9/12/2022,01 Oak Valley Plaza,London,NG34,United Kingdom,C00705,P105
E000706,31/01/2024,92 Clove Avenue,Birmingham,SW1E,United Kingdom,C00706,P106
E000707,10/5/2022,75367 Carberry Place,Manchester,LN6,United Kingdom,C00707,P107
E000708,26/05/2023,55 Longview Center,Glasgow,LE16,United Kingdom,C00708,P108
E000709,13/11/2023,17 Randy Circle,Edinburgh,N3,United Kingdom,C00709,P109
E000710,23/11/2022,3 Vidon Road,Liverpool,SW1E,United Kingdom,C00710,P110
E000711,23/05/2022,08935 Holmberg Circle,Bristol,SN13,United Kingdom,C00711,P111
E000712,17/06/2023,48 Tennessee Park,Belfast,S33,United Kingdom,C00712,P112
E000713,27/08/2023,0 Florence Pass,Leeds,EC1V,United Kingdom,C00713,P113
E000714,3/9/2023,68330 Hollow Ridge Place,Newcastle upon Tyne,CT15,United Kingdom,C00714,P114
E000715,25/05/2023,448 Stoughton Lane,Sheffield,NR29,United Kingdom,C00715,P115
E000716,26/04/2022,8 Red Cloud Place,Cardiff,OX7,United Kingdom,C00716,P116
E000717,23/09/2022,9170 Briar Crest Alley,Nottingham,G4,United Kingdom,C00717,P117
E000718,17/03/2022,2647 Eastwood Lane,Southampton,L33,United Kingdom,C00718,P118
E000719,31/10/2022,87617 Loeprich Avenue,Oxford,DN21,United Kingdom,C00719,P119
E000720,13/04/2023,2807 Hintze Crossing,Cambridge,BS14,United Kingdom,C00720,P120
E000721,22/07/2022,05 Corscot Center,Aberdeen,B40,United Kingdom,C00721,P121
E000722,6/1/2023,88 Summit Avenue,York,CV35,United Kingdom,C00722,P122
E000723,7/3/2024,402 Badeau Terrace,Brighton,WF9,United Kingdom,C00723,P123
E000724,22/09/2022,204 Evergreen Drive,Portsmouth,NG22,United Kingdom,C00724,P124
E000725,30/12/2022,0744 Packers Junction,Leicester,BT66,United Kingdom,C00725,P125
E000726,29/04/2023,2747 Wayridge Drive,Coventry,OX7,United Kingdom,C00726,P126
E000727,28/06/2022,30446 Cottonwood Junction,Stoke-on-Trent,OX12,United Kingdom,C00727,P127
E000728,12/4/2023,68904 Kipling Junction,Plymouth,BS37,United Kingdom,C00728,P128
E000729,17/08/2022,2827 Carioca Point,Wolverhampton,SY4,United Kingdom,C00729,P129
E000730,11/4/2023,3 Blackbird Crossing,Derby,SW19,United Kingdom,C00730,P130
E000731,5/11/2023,54506 Longview Pass,Swansea,BS41,United Kingdom,C00731,P131
E000732,10/6/2022,92843 Maple Wood Avenue,Hull,SG4,United Kingdom,C00732,P132
E000733,10/5/2022,0806 Warner Crossing,Reading,BD7,United Kingdom,C00733,P133
E000734,2/12/2023,7821 Beilfuss Terrace,Preston,PH43,United Kingdom,C00734,P134
E000735,1/3/2023,757 Arrowood Plaza,Milton Keynes,PR1,United Kingdom,C00735,P135
E000736,4/2/2022,22531 Ridgeview Hill,Sunderland,KW10,United Kingdom,C00736,P136
E000737,7/3/2022,9766 Atwood Lane,Norwich,WF9,United Kingdom,C00737,P137
E000738,6/2/2023,8 Mandrake Crossing,Luton,PH43,United Kingdom,C00738,P138
E000739,22/02/2022,5336 Summer Ridge Point,Swindon,EC1V,United Kingdom,C00739,P139
E000740,17/10/2023,452 Gina Park,Warrington,NR29,United Kingdom,C00740,P140
E000741,17/06/2022,2 Kim Parkway,Dudley,BD23,United Kingdom,C00741,P141
E000742,20/06/2023,498 Cherokee Drive,Bournemouth,G4,United Kingdom,C00742,P142
E000743,26/04/2023,4 Arapahoe Center,Peterborough,RH5,United Kingdom,C00743,P143
E000744,11/3/2024,287 Drewry Circle,Southend-on-Sea,EC3M,United Kingdom,C00744,P144
E000745,8/10/2023,058 Anzinger Street,Walsall,AB55,United Kingdom,C00745,P145
E000746,31/10/2022,6 Northview Parkway,Colchester,BD23,United Kingdom,C00746,P146
E000747,1/2/2024,337 Cherokee Parkway,Middlesbrough,B12,United Kingdom,C00747,P147
E000748,27/12/2022,42575 Veith Plaza,Blackburn,S33,United Kingdom,C00748,P148
E000749,21/12/2022,18883 Anniversary Junction,London,KW10,United Kingdom,C00749,P149
E000750,1/4/2022,52618 Schlimgen Parkway,Birmingham,IV1,United Kingdom,C00750,P150
E000751,21/06/2022,498 Muir Pass,Manchester,BD23,United Kingdom,C00751,P001
E000752,14/11/2022,570 Cody Point,Glasgow,EC3M,United Kingdom,C00752,P002
E000753,29/07/2023,781 Shasta Circle,Edinburgh,LE15,United Kingdom,C00753,P003
E000754,5/1/2022,62788 Mandrake Road,Liverpool,GL54,United Kingdom,C00754,P004
E000755,13/02/2023,2 Red Cloud Road,Bristol,DL8,United Kingdom,C00755,P005
E000756,24/09/2023,41375 Browning Plaza,Belfast,RG20,United Kingdom,C00756,P006
E000757,21/02/2022,63 Esch Park,Leeds,GU32,United Kingdom,C00757,P007
E000758,11/1/2023,4482 Fieldstone Lane,Newcastle upon Tyne,L33,United Kingdom,C00758,P008
E000759,2/1/2024,70 Forest Run Junction,Sheffield,NE46,United Kingdom,C00759,P009
E000760,30/07/2022,07540 Mcguire Lane,Cardiff,BT2,United Kingdom,C00760,P010
E000761,10/12/2023,55570 Vahlen Place,Nottingham,DN21,United Kingdom,C00761,P011
E000762,29/09/2023,05806 Fuller Way,Southampton,DN36,United Kingdom,C00762,P012
E000763,6/9/2023,66704 Elgar Junction,Oxford,EC1V,United Kingdom,C00763,P013
E000764,22/05/2023,3 5th Junction,Cambridge,B40,United Kingdom,C00764,P014
E000765,17/09/2023,97434 Dovetail Trail,Aberdeen,LE14,United Kingdom,C00765,P015
E000766,16/03/2023,9406 Loomis Pass,York,N3,United Kingdom,C00766,P016
E000767,8/4/2022,408 Crescent Oaks Pass,Brighton,WC2H,United Kingdom,C00767,P017
E000768,8/3/2024,6 Bellgrove Plaza,Portsmouth,LS6,United Kingdom,C00768,P018
E000769,20/12/2023,287 Maple Wood Trail,Leicester,DN36,United Kingdom,C00769,P019
E000770,21/03/2022,5732 Division Drive,Coventry,BD23,United Kingdom,C00770,P020
E000771,17/06/2022,3523 Linden Court,Stoke-on-Trent,OX7,United Kingdom,C00771,P021
E000772,11/5/2022,39 Tomscot Point,Plymouth,SG4,United Kingdom,C00772,P022
E000773,23/01/2023,6 Crest Line Point,Wolverhampton,BD23,United Kingdom,C00773,P023
E000774,12/11/2023,7606 Thompson Junction,Derby,DN36,United Kingdom,C00774,P024
E000775,18/06/2022,0870 Blackbird Pass,Swansea,OX7,United Kingdom,C00775,P025
E000776,27/03/2023,4 Crescent Oaks Avenue,Hull,EH52,United Kingdom,C00776,P026
E000777,17/09/2022,16864 Maryland Place,Reading,BS41,United Kingdom,C00777,P027
E000778,28/04/2023,749 Nelson Way,Preston,WC2H,United Kingdom,C00778,P028
E000779,5/1/2022,39999 Cascade Parkway,Milton Keynes,OX7,United Kingdom,C00779,P029
E000780,30/06/2022,6 Meadow Vale Drive,Sunderland,SW1E,United Kingdom,C00780,P030
E000781,4/5/2022,390 Bunker Hill Junction,Norwich,GL54,United Kingdom,C00781,P031
E000782,8/12/2022,6 Butterfield Street,Luton,LE14,United Kingdom,C00782,P032
E000783,12/3/2022,8 Independence Road,Swindon,LE16,United Kingdom,C00783,P033
E000784,24/01/2023,681 Scoville Way,Warrington,B12,United Kingdom,C00784,P034
E000785,24/08/2022,73911 Dakota Street,Dudley,G4,United Kingdom,C00785,P035
E000786,12/10/2023,21 Burrows Court,Bournemouth,NR34,United Kingdom,C00786,P036
E000787,15/01/2023,8451 Manley Crossing,Peterborough,EC1V,United Kingdom,C00787,P037
E000788,10/12/2023,777 Kropf Parkway,Southend-on-Sea,CV35,United Kingdom,C00788,P038
E000789,20/07/2022,2 Meadow Vale Street,Walsall,CV35,United Kingdom,C00789,P039
E000790,8/6/2023,73271 Cordelia Pass,Colchester,SG4,United Kingdom,C00790,P040
E000791,12/3/2024,58 Lotheville Crossing,Middlesbrough,LN6,United Kingdom,C00791,P041
E000792,21/02/2023,419 Hayes Pass,Blackburn,BS14,United Kingdom,C00792,P042
E000793,13/02/2024,508 Center Park,London,BT2,United Kingdom,C00793,P043
E000794,29/11/2023,50 Bluejay Trail,Birmingham,SG4,United Kingdom,C00794,P044
E000795,21/05/2023,03 Melody Pass,Manchester,NG22,United Kingdom,C00795,P045
E000796,23/10/2022,9 Coolidge Pass,Glasgow,BD23,United Kingdom,C00796,P046
E000797,5/3/2024,79607 Holmberg Pass,Edinburgh,WF9,United Kingdom,C00797,P047
E000798,4/3/2024,85 Clarendon Plaza,Liverpool,NE46,United Kingdom,C00798,P048
E000799,21/10/2022,18396 Thackeray Center,Bristol,NN11,United Kingdom,C00799,P049
E000800,6/10/2022,53 Prairieview Terrace,Belfast,NG22,United Kingdom,C00800,P050
E000801,11/10/2022,58 Twin Pines Way,Leeds,CT16,United Kingdom,C00801,P051
E000802,29/03/2024,9 Mandrake Place,Newcastle upon Tyne,DT10,United Kingdom,C00802,P052
E000803,19/04/2023,58 Hoffman Court,Sheffield,SW19,United Kingdom,C00803,P053
E000804,24/03/2022,2499 Sachtjen Drive,Cardiff,LN6,United Kingdom,C00804,P054
E000805,9/2/2024,7 New Castle Circle,Nottingham,KW10,United Kingdom,C00805,P055
E000806,7/1/2022,8150 Mariners Cove Lane,Southampton,BH21,United Kingdom,C00806,P056
E000807,24/02/2023,28 Rutledge Hill,Oxford,WC2H,United Kingdom,C00807,P057
E000808,4/10/2022,13117 Pankratz Crossing,Cambridge,W1F,United Kingdom,C00808,P058
E000809,9/11/2022,905 Mendota Road,Aberdeen,ST20,United Kingdom,C00809,P059
E000810,9/1/2022,26 Commercial Place,York,CT16,United Kingdom,C00810,P060
E000811,30/12/2023,03319 Hollow Ridge Lane,Brighton,SW1E,United Kingdom,C00811,P061
E000812,7/11/2022,075 Dovetail Parkway,Portsmouth,EH9,United Kingdom,C00812,P062
E000813,3/9/2022,3 Oakridge Park,Leicester,AB39,United Kingdom,C00813,P063
E000814,14/11/2023,725 Milwaukee Center,Coventry,GL54,United Kingdom,C00814,P064
E000815,25/05/2023,6 Arizona Circle,Stoke-on-Trent,B12,United Kingdom,C00815,P065
E000816,14/02/2023,62074 Lakewood Gardens Circle,Plymouth,EC3M,United Kingdom,C00816,P066
E000817,19/12/2023,9244 High Crossing Drive,Wolverhampton,BS37,United Kingdom,C00817,P067
E000818,1/2/2024,357 4th Drive,Derby,WC2H,United Kingdom,C00818,P068
E000819,17/10/2023,63286 Buena Vista Lane,Swansea,EC3M,United Kingdom,C00819,P069
E000820,27/06/2023,95411 Cottonwood Parkway,Hull,PH43,United Kingdom,C00820,P070
E000821,22/08/2022,302 Dahle Avenue,Reading,DT10,United Kingdom,C00821,P071
E000822,25/10/2022,1 Comanche Plaza,Preston,LS6,United Kingdom,C00822,P072
E000823,27/07/2023,18591 Onsgard Alley,Milton Keynes,SY4,United Kingdom,C00823,P073
E000824,12/5/2023,6 Sutherland Center,Sunderland,S8,United Kingdom,C00824,P074
E000825,11/7/2022,856 Bonner Hill,Norwich,WC1B,United Kingdom,C00825,P075
E000826,2/3/2023,85 Hovde Point,Luton,RH5,United Kingdom,C00826,P076
E000827,24/12/2023,5 Susan Road,Swindon,DL8,United Kingdom,C00827,P077
E000828,7/2/2023,71834 Paget Hill,Warrington,WF9,United Kingdom,C00828,P078
E000829,19/05/2023,01 Caliangt Lane,Dudley,N3,United Kingdom,C00829,P079
E000830,4/2/2022,14 Springs Plaza,Bournemouth,DT10,United Kingdom,C00830,P080
E000831,27/02/2023,1 Manufacturers Drive,Peterborough,LE15,United Kingdom,C00831,P081
E000832,7/7/2022,5 Rusk Hill,Southend-on-Sea,N3,United Kingdom,C00832,P082
E000833,7/2/2024,5159 Clove Plaza,Walsall,OX12,United Kingdom,C00833,P083
E000834,8/10/2022,24807 Ridgeway Street,Colchester,NG22,United Kingdom,C00834,P084
E000835,13/01/2024,5886 Cordelia Hill,Middlesbrough,EC3M,United Kingdom,C00835,P085
E000836,22/11/2022,4397 Dexter Terrace,Blackburn,EH52,United Kingdom,C00836,P086
E000837,6/12/2022,2014 Coleman Hill,London,GL54,United Kingdom,C00837,P087
E000838,27/04/2023,826 Lerdahl Center,Birmingham,RG20,United Kingdom,C00838,P088
E000839,15/08/2022,8 Alpine Point,Manchester,WF9,United Kingdom,C00839,P089
E000840,17/07/2023,596 Sutteridge Junction,Glasgow,AB56,United Kingdom,C00840,P090
E000841,26/03/2022,86075 Autumn Leaf Trail,Edinburgh,CB4,United Kingdom,C00841,P091
E000842,11/5/2023,60 Stoughton Alley,Liverpool,BD23,United Kingdom,C00842,P092
E000843,10/7/2022,39 Cambridge Place,Bristol,TF6,United Kingdom,C00843,P093
E000844,5/3/2023,77928 Sunbrook Court,Belfast,L33,United Kingdom,C00844,P094
E000845,4/11/2023,83654 Lawn Place,Leeds,PR1,United Kingdom,C00845,P095
E000846,19/10/2023,479 Service Center,Newcastle upon Tyne,OX12,United Kingdom,C00846,P096
E000847,31/08/2023,03315 Trailsway Center,Sheffield,BD7,United Kingdom,C00847,P097
E000848,13/03/2023,73902 Buena Vista Junction,Cardiff,M14,United Kingdom,C00848,P098
E000849,4/4/2023,78 Waubesa Terrace,Nottingham,NR34,United Kingdom,C00849,P099
E000850,22/03/2024,82 Kinsman Trail,Southampton,SN13,United Kingdom,C00850,P100
E000851,2/8/2022,5 Gulseth Avenue,Oxford,BS37,United Kingdom,C00851,P101
E000852,22/08/2023,290 Hoepker Parkway,Cambridge,AB39,United Kingdom,C00852,P102
E000853,12/6/2022,9666 Bluestem Point,Aberdeen,LE16,United Kingdom,C00853,P103
E000854,4/8/2023,12947 Linden Drive,York,ST20,United Kingdom,C00854,P104
E000855,28/07/2022,6423 3rd Place,Brighton,PR1,United Kingdom,C00855,P105
E000856,13/10/2022,26 Schmedeman Point,Portsmouth,NE46,United Kingdom,C00856,P106
E000857,18/09/2022,72207 Brickson Park Plaza,Leicester,IV1,United Kingdom,C00857,P107
E000858,21/07/2023,761 Oxford Crossing,Coventry,EH52,United Kingdom,C00858,P108
E000859,12/5/2022,303 Mandrake Junction,Stoke-on-Trent,NG22,United Kingdom,C00859,P109
E000860,28/01/2023,0 Fairfield Pass,Plymouth,LE16,United Kingdom,C00860,P110
E000861,10/9/2023,00578 Pankratz Place,Wolverhampton,CT16,United Kingdom,C00861,P111
E000862,21/06/2022,24 Vernon Road,Derby,LS6,United Kingdom,C00862,P112
E000863,26/07/2022,13 6th Circle,Swansea,TF6,United Kingdom,C00863,P113
E000864,21/08/2023,618 Old Gate Pass,Hull,S33,United Kingdom,C00864,P114
E000865,16/01/2023,51045 Dennis Point,Reading,CH48,United Kingdom,C00865,P115
E000866,15/10/2023,5160 Shasta Point,Preston,BT66,United Kingdom,C00866,P116
E000867,28/05/2023,2 Bashford Point,Milton Keynes,CT15,United Kingdom,C00867,P117
E000868,29/12/2023,2905 Barby Hill,Sunderland,CB4,United Kingdom,C00868,P118
E000869,23/05/2022,1920 Arkansas Circle,Norwich,RG20,United Kingdom,C00869,P119
E000870,15/09/2023,6078 New Castle Plaza,Luton,SN1,United Kingdom,C00870,P120
E000871,2/2/2022,83 Ronald Regan Court,Swindon,SN13,United Kingdom,C00871,P121
E000872,20/10/2022,72 American Avenue,Warrington,DL10,United Kingdom,C00872,P122
E000873,22/01/2024,0 Trailsway Road,Dudley,EC3M,United Kingdom,C00873,P123
E000874,16/11/2022,84 Mccormick Way,Bournemouth,SG4,United Kingdom,C00874,P124
E000875,12/6/2022,03812 Bowman Crossing,Peterborough,PH43,United Kingdom,C00875,P125
E000876,21/01/2022,0 Mifflin Plaza,Southend-on-Sea,S8,United Kingdom,C00876,P126
E000877,2/8/2023,95 Bashford Avenue,Walsall,DL8,United Kingdom,C00877,P127
E000878,21/02/2024,3 Union Parkway,Colchester,EH9,United Kingdom,C00878,P128
E000879,29/01/2023,417 Steensland Trail,Middlesbrough,DN22,United Kingdom,C00879,P129
E000880,26/06/2023,0 Moland Road,Blackburn,BT66,United Kingdom,C00880,P130
E000881,6/1/2023,12148 Schlimgen Parkway,London,SN13,United Kingdom,C00881,P131
E000882,10/12/2022,22707 Old Shore Court,Birmingham,CV35,United Kingdom,C00882,P132
E000883,10/11/2023,954 Summit Alley,Manchester,S33,United Kingdom,C00883,P133
E000884,14/05/2023,80 Eagan Alley,Glasgow,EH52,United Kingdom,C00884,P134
E000885,21/01/2022,66 Glacier Hill Park,Edinburgh,WF9,United Kingdom,C00885,P135
E000886,15/09/2022,33 Melby Road,Liverpool,WF9,United Kingdom,C00886,P136
E000887,23/04/2022,0 Portage Terrace,Bristol,IV1,United Kingdom,C00887,P137
E000888,4/9/2023,3 Emmet Terrace,Belfast,B40,United Kingdom,C00888,P138
E000889,19/02/2023,793 Fieldstone Way,Leeds,S8,United Kingdom,C00889,P139
E000890,7/12/2023,519 School Road,Newcastle upon Tyne,DL8,United Kingdom,C00890,P140
E000891,23/07/2022,39 High Crossing Trail,Sheffield,OX7,United Kingdom,C00891,P141
E000892,23/09/2022,71097 Esch Way,Cardiff,NE46,United Kingdom,C00892,P142
E000893,3/5/2022,28124 Lyons Center,Nottingham,WF9,United Kingdom,C00893,P143
E000894,29/11/2022,45 Sommers Pass,Southampton,RH5,United Kingdom,C00894,P144
E000895,10/1/2024,62 Kim Street,Oxford,LN6,United Kingdom,C00895,P145
E000896,5/3/2023,8 Hazelcrest Avenue,Cambridge,W1F,United Kingdom,C00896,P146
E000897,25/03/2024,65 Rusk Circle,Aberdeen,IV1,United Kingdom,C00897,P147
E000898,2/1/2024,5 Buell Place,York,BD7,United Kingdom,C00898,P148
E000899,2/2/2023,712 Redwing Place,Brighton,SY4,United Kingdom,C00899,P149
E000900,20/03/2022,486 Burning Wood Crossing,Portsmouth,NG34,United Kingdom,C00900,P150
E000901,14/01/2022,129 Eagan Parkway,Leicester,NE46,United Kingdom,C00901,P001
E000902,4/4/2023,35494 Comanche Lane,Coventry,ST20,United Kingdom,C00902,P002
E000903,12/1/2024,2214 Merchant Center,Stoke-on-Trent,NR29,United Kingdom,C00903,P003
E000904,21/12/2022,4897 Daystar Street,Plymouth,B40,United Kingdom,C00904,P004
E000905,21/05/2022,764 Claremont Avenue,Wolverhampton,AB39,United Kingdom,C00905,P005
E000906,11/12/2023,6 Lillian Point,Derby,OX12,United Kingdom,C00906,P006
E000907,12/2/2024,4958 Shelley Hill,Swansea,WC2H,United Kingdom,C00907,P007
E000908,3/2/2023,26901 Florence Trail,Hull,L74,United Kingdom,C00908,P008
E000909,18/01/2024,589 Nelson Point,Reading,NN11,United Kingdom,C00909,P009
E000910,2/10/2023,4859 Crowley Avenue,Preston,BT2,United Kingdom,C00910,P010
E000911,26/03/2023,2 Mallory Drive,Milton Keynes,IV1,United Kingdom,C00911,P011
E000912,22/05/2023,83771 Columbus Road,Sunderland,WC1B,United Kingdom,C00912,P012
E000913,4/2/2023,563 Crescent Oaks Point,Norwich,W1F,United Kingdom,C00913,P013
E000914,23/04/2022,8933 Loomis Avenue,Luton,DN36,United Kingdom,C00914,P014
E000915,25/07/2023,13267 Upham Terrace,Swindon,RG20,United Kingdom,C00915,P015
E000916,11/7/2023,8 Petterle Alley,Warrington,CV35,United Kingdom,C00916,P016
E000917,12/4/2023,54 Di Loreto Parkway,Dudley,LE14,United Kingdom,C00917,P017
E000918,8/4/2023,36511 Dexter Circle,Bournemouth,BS14,United Kingdom,C00918,P018
E000919,26/09/2023,477 Summer Ridge Hill,Peterborough,RG20,United Kingdom,C00919,P019
E000920,17/04/2023,1117 Warner Alley,Southend-on-Sea,DN22,United Kingdom,C00920,P020
E000921,11/1/2023,87 Summerview Court,Walsall,CT15,United Kingdom,C00921,P021
E000922,6/3/2022,913 Havey Circle,Colchester,NR34,United Kingdom,C00922,P022
E000923,5/6/2022,0244 Buell Road,Middlesbrough,DN36,United Kingdom,C00923,P023
E000924,6/7/2022,386 Carpenter Trail,Blackburn,S1,United Kingdom,C00924,P024
E000925,21/02/2022,70 Porter Alley,London,TF6,United Kingdom,C00925,P025
E000926,11/2/2023,2 Haas Hill,Birmingham,SW1E,United Kingdom,C00926,P026
E000927,13/08/2022,4121 4th Park,Manchester,LN6,United Kingdom,C00927,P027
E000928,9/11/2023,90797 Melby Way,Glasgow,G4,United Kingdom,C00928,P028
E000929,21/05/2022,35 Oak Circle,Edinburgh,TF6,United Kingdom,C00929,P029
E000930,26/05/2023,1436 Myrtle Street,Liverpool,NG34,United Kingdom,C00930,P030
E000931,12/12/2023,487 Roxbury Hill,Bristol,M14,United Kingdom,C00931,P031
E000932,14/08/2023,9319 Pennsylvania Way,Belfast,AB56,United Kingdom,C00932,P032
E000933,27/01/2023,61 Red Cloud Plaza,Leeds,EC1V,United Kingdom,C00933,P033
E000934,14/12/2023,1 Canary Pass,Newcastle upon Tyne,S1,United Kingdom,C00934,P034
E000935,9/11/2022,92 Hanson Alley,Sheffield,RG20,United Kingdom,C00935,P035
E000936,4/10/2023,315 Randy Point,Cardiff,NN4,United Kingdom,C00936,P036
E000937,16/10/2023,5467 Mcbride Way,Nottingham,DN22,United Kingdom,C00937,P037
E000938,22/03/2023,494 Hoffman Junction,Southampton,BH21,United Kingdom,C00938,P038
E000939,12/10/2022,665 Raven Point,Oxford,SG4,United Kingdom,C00939,P039
E000940,17/02/2024,52 Hooker Circle,Cambridge,OX7,United Kingdom,C00940,P040
E000941,24/02/2022,7 Lukken Junction,Aberdeen,BT66,United Kingdom,C00941,P041
E000942,5/1/2022,26 Bay Trail,York,BS37,United Kingdom,C00942,P042
E000943,24/10/2022,330 Thompson Street,Brighton,S1,United Kingdom,C00943,P043
E000944,3/3/2023,025 Village Alley,Portsmouth,LE14,United Kingdom,C00944,P044
E000945,22/03/2022,43 Farmco Place,Leicester,N3,United Kingdom,C00945,P045
E000946,2/9/2022,6899 Schurz Trail,Coventry,SY4,United Kingdom,C00946,P046
E000947,31/07/2022,22 Quincy Trail,Stoke-on-Trent,AB39,United Kingdom,C00947,P047
E000948,5/2/2024,104 Old Gate Pass,Plymouth,LS6,United Kingdom,C00948,P048
E000949,16/11/2023,94762 Katie Street,Wolverhampton,NE46,United Kingdom,C00949,P049
E000950,31/01/2022,1 Fieldstone Pass,Derby,EC3M,United Kingdom,C00950,P050
E000951,27/07/2023,1182 Redwing Center,Swansea,RG20,United Kingdom,C00951,P051
E000952,4/10/2023,7819 Golf Avenue,Hull,BD23,United Kingdom,C00952,P052
E000953,10/4/2023,9 Ridgeview Park,Reading,RH5,United Kingdom,C00953,P053
E000954,16/10/2023,08 Tennessee Place,Preston,BD23,United Kingdom,C00954,P054
E000955,12/1/2022,954 Colorado Parkway,Milton Keynes,LS6,United Kingdom,C00955,P055
E000956,18/07/2022,1 Warner Circle,Sunderland,BH21,United Kingdom,C00956,P056
E000957,25/01/2022,426 Buena Vista Plaza,Norwich,B12,United Kingdom,C00957,P057
E000958,18/01/2024,448 Lake View Alley,Luton,LE15,United Kingdom,C00958,P058
E000959,5/10/2022,070 Kipling Hill,Swindon,TF6,United Kingdom,C00959,P059
E000960,4/8/2023,1412 Warrior Terrace,Warrington,DN36,United Kingdom,C00960,P060
E000961,21/05/2023,96852 Grim Avenue,Dudley,AB56,United Kingdom,C00961,P061
E000962,14/11/2022,6 Lake View Drive,Bournemouth,DN21,United Kingdom,C00962,P062
E000963,22/04/2023,7 Fairview Junction,Peterborough,BT2,United Kingdom,C00963,P063
E000964,19/08/2022,6 Morning Road,Southend-on-Sea,BD7,United Kingdom,C00964,P064
E000965,15/07/2022,389 Dryden Place,Walsall,CT15,United Kingdom,C00965,P065
E000966,12/9/2022,1 Kings Parkway,Colchester,PH43,United Kingdom,C00966,P066
E000967,24/06/2023,9281 Pawling Alley,Middlesbrough,LE15,United Kingdom,C00967,P067
E000968,9/12/2023,74 Bunker Hill Avenue,Blackburn,WF9,United Kingdom,C00968,P068
E000969,3/1/2024,91 Bowman Park,London,BD7,United Kingdom,C00969,P069
E000970,5/3/2023,0 Garrison Avenue,Birmingham,SN13,United Kingdom,C00970,P070
E000971,13/02/2022,6949 Armistice Park,Manchester,EC3M,United Kingdom,C00971,P071
E000972,12/2/2023,98650 Reindahl Center,Glasgow,BD23,United Kingdom,C00972,P072
E000973,31/12/2022,58 Mitchell Road,Edinburgh,DT10,United Kingdom,C00973,P073
E000974,17/03/2023,0383 Packers Hill,Liverpool,M14,United Kingdom,C00974,P074
E000975,1/4/2023,4036 Meadow Vale Point,Bristol,LE15,United Kingdom,C00975,P075
E000976,20/07/2023,740 Hanover Park,Belfast,W1F,United Kingdom,C00976,P076
E000977,10/2/2023,4953 Upham Plaza,Leeds,BD23,United Kingdom,C00977,P077
E000978,15/05/2022,25 Havey Crossing,Newcastle upon Tyne,DN21,United Kingdom,C00978,P078
E000979,15/08/2022,1771 Waubesa Junction,Sheffield,BD23,United Kingdom,C00979,P079
E000980,6/5/2022,726 Hermina Junction,Cardiff,NR29,United Kingdom,C00980,P080
E000981,5/9/2023,672 Boyd Crossing,Nottingham,GU32,United Kingdom,C00981,P081
E000982,7/12/2022,1 Center Terrace,Southampton,CH48,United Kingdom,C00982,P082
E000983,7/5/2023,95220 Sunfield Pass,Oxford,LN6,United Kingdom,C00983,P083
E000984,3/2/2023,773 Everett Terrace,Cambridge,EH9,United Kingdom,C00984,P084
E000985,6/11/2022,836 Starling Trail,Aberdeen,BS37,United Kingdom,C00985,P085
E000986,10/9/2022,4 Lyons Alley,York,PH43,United Kingdom,C00986,P086
E000987,5/6/2022,1 Ramsey Lane,Brighton,LS6,United Kingdom,C00987,P087
E000988,7/9/2023,66 Manley Plaza,Portsmouth,S1,United Kingdom,C00988,P088
E000989,9/1/2024,462 Rutledge Pass,Leicester,LE16,United Kingdom,C00989,P089
E000990,17/09/2022,8439 Bunker Hill Road,Coventry,NE46,United Kingdom,C00990,P090
E000991,22/01/2022,46 Wayridge Alley,Stoke-on-Trent,DN21,United Kingdom,C00991,P091
E000992,21/12/2023,119 Ohio Drive,Plymouth,LE16,United Kingdom,C00992,P092
E000993,27/10/2022,3 Cherokee Alley,Wolverhampton,BD23,United Kingdom,C00993,P093
E000994,30/04/2023,48095 4th Crossing,Derby,BD7,United Kingdom,C00994,P094
E000995,9/9/2023,8333 Kingsford Pass,Swansea,NG22,United Kingdom,C00995,P095
E000996,16/05/2022,618 Pankratz Point,Hull,NR34,United Kingdom,C00996,P096
E000997,16/04/2023,003 Carberry Trail,Reading,LS6,United Kingdom,C00997,P097
E000998,7/10/2022,8949 Dakota Street,Preston,SN1,United Kingdom,C00998,P098
E000999,12/3/2022,8055 Service Point,Milton Keynes,RH5,United Kingdom,C00999,P099
E001000,24/06/2022,9 Farragut Lane,Sunderland,BH21,United Kingdom,C01000,P100
